--
-- PostgreSQL database dump
--

\restrict vDgpsniojePGAMz6AMmDgUOTmpzvnWZdOsg8MdkPtKjcULr8oYQUFHnqKV6dsd9

-- Dumped from database version 17.6
-- Dumped by pg_dump version 18.3

SET statement_timeout = 0;
SET lock_timeout = 0;
SET idle_in_transaction_session_timeout = 0;
SET transaction_timeout = 0;
SET client_encoding = 'UTF8';
SET standard_conforming_strings = on;
SELECT pg_catalog.set_config('search_path', '', false);
SET check_function_bodies = false;
SET xmloption = content;
SET client_min_messages = warning;
SET row_security = off;

--
-- Data for Name: audit_log_entries; Type: TABLE DATA; Schema: auth; Owner: supabase_auth_admin
--

COPY auth.audit_log_entries (instance_id, id, payload, created_at, ip_address) FROM stdin;
\.


--
-- Data for Name: custom_oauth_providers; Type: TABLE DATA; Schema: auth; Owner: supabase_auth_admin
--

COPY auth.custom_oauth_providers (id, provider_type, identifier, name, client_id, client_secret, acceptable_client_ids, scopes, pkce_enabled, attribute_mapping, authorization_params, enabled, email_optional, issuer, discovery_url, skip_nonce_check, cached_discovery, discovery_cached_at, authorization_url, token_url, userinfo_url, jwks_uri, created_at, updated_at) FROM stdin;
\.


--
-- Data for Name: flow_state; Type: TABLE DATA; Schema: auth; Owner: supabase_auth_admin
--

COPY auth.flow_state (id, user_id, auth_code, code_challenge_method, code_challenge, provider_type, provider_access_token, provider_refresh_token, created_at, updated_at, authentication_method, auth_code_issued_at, invite_token, referrer, oauth_client_state_id, linking_target_id, email_optional) FROM stdin;
\.


--
-- Data for Name: users; Type: TABLE DATA; Schema: auth; Owner: supabase_auth_admin
--

COPY auth.users (instance_id, id, aud, role, email, encrypted_password, email_confirmed_at, invited_at, confirmation_token, confirmation_sent_at, recovery_token, recovery_sent_at, email_change_token_new, email_change, email_change_sent_at, last_sign_in_at, raw_app_meta_data, raw_user_meta_data, is_super_admin, created_at, updated_at, phone, phone_confirmed_at, phone_change, phone_change_token, phone_change_sent_at, email_change_token_current, email_change_confirm_status, banned_until, reauthentication_token, reauthentication_sent_at, is_sso_user, deleted_at, is_anonymous) FROM stdin;
\.


--
-- Data for Name: identities; Type: TABLE DATA; Schema: auth; Owner: supabase_auth_admin
--

COPY auth.identities (provider_id, user_id, identity_data, provider, last_sign_in_at, created_at, updated_at, id) FROM stdin;
\.


--
-- Data for Name: instances; Type: TABLE DATA; Schema: auth; Owner: supabase_auth_admin
--

COPY auth.instances (id, uuid, raw_base_config, created_at, updated_at) FROM stdin;
\.


--
-- Data for Name: oauth_clients; Type: TABLE DATA; Schema: auth; Owner: supabase_auth_admin
--

COPY auth.oauth_clients (id, client_secret_hash, registration_type, redirect_uris, grant_types, client_name, client_uri, logo_uri, created_at, updated_at, deleted_at, client_type, token_endpoint_auth_method) FROM stdin;
\.


--
-- Data for Name: sessions; Type: TABLE DATA; Schema: auth; Owner: supabase_auth_admin
--

COPY auth.sessions (id, user_id, created_at, updated_at, factor_id, aal, not_after, refreshed_at, user_agent, ip, tag, oauth_client_id, refresh_token_hmac_key, refresh_token_counter, scopes) FROM stdin;
\.


--
-- Data for Name: mfa_amr_claims; Type: TABLE DATA; Schema: auth; Owner: supabase_auth_admin
--

COPY auth.mfa_amr_claims (session_id, created_at, updated_at, authentication_method, id) FROM stdin;
\.


--
-- Data for Name: mfa_factors; Type: TABLE DATA; Schema: auth; Owner: supabase_auth_admin
--

COPY auth.mfa_factors (id, user_id, friendly_name, factor_type, status, created_at, updated_at, secret, phone, last_challenged_at, web_authn_credential, web_authn_aaguid, last_webauthn_challenge_data) FROM stdin;
\.


--
-- Data for Name: mfa_challenges; Type: TABLE DATA; Schema: auth; Owner: supabase_auth_admin
--

COPY auth.mfa_challenges (id, factor_id, created_at, verified_at, ip_address, otp_code, web_authn_session_data) FROM stdin;
\.


--
-- Data for Name: oauth_authorizations; Type: TABLE DATA; Schema: auth; Owner: supabase_auth_admin
--

COPY auth.oauth_authorizations (id, authorization_id, client_id, user_id, redirect_uri, scope, state, resource, code_challenge, code_challenge_method, response_type, status, authorization_code, created_at, expires_at, approved_at, nonce) FROM stdin;
\.


--
-- Data for Name: oauth_client_states; Type: TABLE DATA; Schema: auth; Owner: supabase_auth_admin
--

COPY auth.oauth_client_states (id, provider_type, code_verifier, created_at) FROM stdin;
\.


--
-- Data for Name: oauth_consents; Type: TABLE DATA; Schema: auth; Owner: supabase_auth_admin
--

COPY auth.oauth_consents (id, user_id, client_id, scopes, granted_at, revoked_at) FROM stdin;
\.


--
-- Data for Name: one_time_tokens; Type: TABLE DATA; Schema: auth; Owner: supabase_auth_admin
--

COPY auth.one_time_tokens (id, user_id, token_type, token_hash, relates_to, created_at, updated_at) FROM stdin;
\.


--
-- Data for Name: refresh_tokens; Type: TABLE DATA; Schema: auth; Owner: supabase_auth_admin
--

COPY auth.refresh_tokens (instance_id, id, token, user_id, revoked, created_at, updated_at, parent, session_id) FROM stdin;
\.


--
-- Data for Name: sso_providers; Type: TABLE DATA; Schema: auth; Owner: supabase_auth_admin
--

COPY auth.sso_providers (id, resource_id, created_at, updated_at, disabled) FROM stdin;
\.


--
-- Data for Name: saml_providers; Type: TABLE DATA; Schema: auth; Owner: supabase_auth_admin
--

COPY auth.saml_providers (id, sso_provider_id, entity_id, metadata_xml, metadata_url, attribute_mapping, created_at, updated_at, name_id_format) FROM stdin;
\.


--
-- Data for Name: saml_relay_states; Type: TABLE DATA; Schema: auth; Owner: supabase_auth_admin
--

COPY auth.saml_relay_states (id, sso_provider_id, request_id, for_email, redirect_to, created_at, updated_at, flow_state_id) FROM stdin;
\.


--
-- Data for Name: schema_migrations; Type: TABLE DATA; Schema: auth; Owner: supabase_auth_admin
--

COPY auth.schema_migrations (version) FROM stdin;
20171026211738
20171026211808
20171026211834
20180103212743
20180108183307
20180119214651
20180125194653
00
20210710035447
20210722035447
20210730183235
20210909172000
20210927181326
20211122151130
20211124214934
20211202183645
20220114185221
20220114185340
20220224000811
20220323170000
20220429102000
20220531120530
20220614074223
20220811173540
20221003041349
20221003041400
20221011041400
20221020193600
20221021073300
20221021082433
20221027105023
20221114143122
20221114143410
20221125140132
20221208132122
20221215195500
20221215195800
20221215195900
20230116124310
20230116124412
20230131181311
20230322519590
20230402418590
20230411005111
20230508135423
20230523124323
20230818113222
20230914180801
20231027141322
20231114161723
20231117164230
20240115144230
20240214120130
20240306115329
20240314092811
20240427152123
20240612123726
20240729123726
20240802193726
20240806073726
20241009103726
20250717082212
20250731150234
20250804100000
20250901200500
20250903112500
20250904133000
20250925093508
20251007112900
20251104100000
20251111201300
20251201000000
20260115000000
20260121000000
20260219120000
20260302000000
\.


--
-- Data for Name: sso_domains; Type: TABLE DATA; Schema: auth; Owner: supabase_auth_admin
--

COPY auth.sso_domains (id, sso_provider_id, domain, created_at, updated_at) FROM stdin;
\.


--
-- Data for Name: webauthn_challenges; Type: TABLE DATA; Schema: auth; Owner: supabase_auth_admin
--

COPY auth.webauthn_challenges (id, user_id, challenge_type, session_data, created_at, expires_at) FROM stdin;
\.


--
-- Data for Name: webauthn_credentials; Type: TABLE DATA; Schema: auth; Owner: supabase_auth_admin
--

COPY auth.webauthn_credentials (id, user_id, credential_id, public_key, attestation_type, aaguid, sign_count, transports, backup_eligible, backed_up, friendly_name, created_at, updated_at, last_used_at) FROM stdin;
\.


--
-- Data for Name: categories; Type: TABLE DATA; Schema: public; Owner: postgres
--

COPY public.categories (id, name) FROM stdin;
1	Category 1
2	Category 2
6	Category 3
62	Tools
63	Category 101
75	New Cateogry
\.


--
-- Data for Name: suppliers; Type: TABLE DATA; Schema: public; Owner: postgres
--

COPY public.suppliers (id, name) FROM stdin;
1	Supplier 1
2	Supplier 2
51	Supplier 3
54	Supplier 4
107	Taobao
108	Shopee
127	New Supppplier
130	1231231
131	123123112312
132	1231231231
134	Suppleir 5
\.


--
-- Data for Name: users; Type: TABLE DATA; Schema: public; Owner: postgres
--

COPY public.users (id, email, name, password_hash, role, initial_quantity) FROM stdin;
1	faethychan@gmail.com	Charlotte	$2b$10$X0qTMhqP2SdyMbrARIhll.4pln64ApGrenEsg/MhAzXyGkGk0kJ6u	Admin	0
\.


--
-- Data for Name: incoming_transactions; Type: TABLE DATA; Schema: public; Owner: postgres
--

COPY public.incoming_transactions (id, logger_id, created_at, delivery_date, supplier_id, delivery_ref) FROM stdin;
48	1	2026-05-26 08:41:27.472+00	2026-05-26	51	DO2345
49	1	2026-05-26 08:54:57.506+00	2026-05-26	51	DO12
50	1	2026-05-28 06:41:19.364+00	2026-05-28	1	DO1
51	1	2026-06-03 01:45:17.093+00	2026-06-03	1	231231312213
52	1	2026-06-03 01:45:40.461+00	2026-06-03	1	12312312
53	1	2026-06-03 01:46:00.579+00	2026-06-03	107	1231231
54	1	2026-06-03 02:04:19.118+00	2026-06-03	1	12312312312312312131231
55	1	2026-06-03 02:04:44.451+00	2026-06-03	1	987654
56	1	2026-06-03 02:06:45.103+00	2026-06-03	1	9876ytgh
57	1	2026-06-04 04:39:37.031+00	2026-06-04	108	12312312313131
58	1	2026-06-04 05:09:45.797+00	2026-06-04	130	sdjfioasf
59	1	2026-06-04 05:14:31.606+00	2026-06-04	131	2312adf
60	1	2026-06-04 05:23:03.233+00	2026-06-04	132	123123121321231
61	1	2026-06-04 05:36:22.044+00	2026-06-04	54	DO 098765467890
62	1	2026-06-04 05:37:23.257+00	2026-06-04	134	DO 982173g1yu2b31
63	1	2026-06-04 05:37:54.739+00	2026-06-04	1	1231231231231231312
\.


--
-- Data for Name: items; Type: TABLE DATA; Schema: public; Owner: postgres
--

COPY public.items (id, name, category_id, supplier_id, thumbnail, gallery, master_number, initial_quantity, last_stocked, disabled) FROM stdin;
6	Item 5	1	1	http://dummyimage.com/173x100.png/dddddd/000000	[{"item": "http://dummyimage.com/108x100.png/ff4444/ffffff"}, {"item": "http://dummyimage.com/116x100.png/dddddd/000000"}, {"item": "http://dummyimage.com/182x100.png/cc0000/ffffff"}, {"item": "http://dummyimage.com/239x100.png/ff4444/ffffff"}, {"item": "http://dummyimage.com/194x100.png/cc0000/ffffff"}]	5	0	2026-05-28 09:24:21.533714+00	f
7	Item 6	6	2	http://dummyimage.com/173x100.png/dddddd/000000	[{"item": "http://dummyimage.com/108x100.png/ff4444/ffffff"}, {"item": "http://dummyimage.com/116x100.png/dddddd/000000"}, {"item": "http://dummyimage.com/182x100.png/cc0000/ffffff"}, {"item": "http://dummyimage.com/239x100.png/ff4444/ffffff"}, {"item": "http://dummyimage.com/194x100.png/cc0000/ffffff"}]	6	0	2026-05-28 09:25:13.291862+00	f
8	Item 7	6	1	http://dummyimage.com/173x100.png/dddddd/000000	[{"item": "http://dummyimage.com/108x100.png/ff4444/ffffff"}, {"item": "http://dummyimage.com/116x100.png/dddddd/000000"}, {"item": "http://dummyimage.com/182x100.png/cc0000/ffffff"}, {"item": "http://dummyimage.com/239x100.png/ff4444/ffffff"}, {"item": "http://dummyimage.com/194x100.png/cc0000/ffffff"}]	7	20	2026-05-28 09:26:36.787732+00	f
9	Item 8	1	51	http://dummyimage.com/173x100.png/dddddd/000000	[{"item": "http://dummyimage.com/108x100.png/ff4444/ffffff"}, {"item": "http://dummyimage.com/116x100.png/dddddd/000000"}, {"item": "http://dummyimage.com/182x100.png/cc0000/ffffff"}, {"item": "http://dummyimage.com/239x100.png/ff4444/ffffff"}, {"item": "http://dummyimage.com/194x100.png/cc0000/ffffff"}]	8	1	2026-05-28 09:27:03.194573+00	f
10	Item 9	2	54	http://dummyimage.com/173x100.png/dddddd/000000	[{"item": "http://dummyimage.com/108x100.png/ff4444/ffffff"}, {"item": "http://dummyimage.com/116x100.png/dddddd/000000"}, {"item": "http://dummyimage.com/182x100.png/cc0000/ffffff"}, {"item": "http://dummyimage.com/239x100.png/ff4444/ffffff"}, {"item": "http://dummyimage.com/194x100.png/cc0000/ffffff"}]	9	1	2026-05-28 09:30:26.391913+00	f
11	Item 10	1	1	http://dummyimage.com/173x100.png/dddddd/000000	[{"item": "http://dummyimage.com/108x100.png/ff4444/ffffff"}, {"item": "http://dummyimage.com/116x100.png/dddddd/000000"}, {"item": "http://dummyimage.com/182x100.png/cc0000/ffffff"}, {"item": "http://dummyimage.com/239x100.png/ff4444/ffffff"}, {"item": "http://dummyimage.com/194x100.png/cc0000/ffffff"}]	10	0	2026-05-28 09:39:43.087937+00	f
12	Item 11	6	1	http://dummyimage.com/173x100.png/dddddd/000000	[{"item": "http://dummyimage.com/108x100.png/ff4444/ffffff"}, {"item": "http://dummyimage.com/116x100.png/dddddd/000000"}, {"item": "http://dummyimage.com/182x100.png/cc0000/ffffff"}, {"item": "http://dummyimage.com/239x100.png/ff4444/ffffff"}, {"item": "http://dummyimage.com/194x100.png/cc0000/ffffff"}]	11	3	2026-05-28 09:40:27.118359+00	f
13	Item 12	1	2	http://dummyimage.com/173x100.png/dddddd/000000	[{"item": "http://dummyimage.com/108x100.png/ff4444/ffffff"}, {"item": "http://dummyimage.com/116x100.png/dddddd/000000"}, {"item": "http://dummyimage.com/182x100.png/cc0000/ffffff"}, {"item": "http://dummyimage.com/239x100.png/ff4444/ffffff"}, {"item": "http://dummyimage.com/194x100.png/cc0000/ffffff"}]	12	5	2026-05-28 09:42:55.088801+00	f
14	Item 13	2	2	https://oyqsxibmeioqmvqotzdh.supabase.co/storage/v1/object/public/item-photos/public/Item%2013_thumbnail.jpg	[{"item": "http://dummyimage.com/108x100.png/ff4444/ffffff"}, {"item": "http://dummyimage.com/116x100.png/dddddd/000000"}, {"item": "http://dummyimage.com/182x100.png/cc0000/ffffff"}, {"item": "http://dummyimage.com/239x100.png/ff4444/ffffff"}, {"item": "http://dummyimage.com/194x100.png/cc0000/ffffff"}]	13	5	2026-05-28 09:45:30.704614+00	f
15	Item 22	2	1	https://oyqsxibmeioqmvqotzdh.supabase.co/storage/v1/object/public/item-photos/public/1780025513721.jpg	[{"item": "http://dummyimage.com/108x100.png/ff4444/ffffff"}, {"item": "http://dummyimage.com/116x100.png/dddddd/000000"}, {"item": "http://dummyimage.com/182x100.png/cc0000/ffffff"}, {"item": "http://dummyimage.com/239x100.png/ff4444/ffffff"}, {"item": "http://dummyimage.com/194x100.png/cc0000/ffffff"}]	22	0	2026-05-29 03:32:14.92948+00	f
16	Item 25	1	1	https://oyqsxibmeioqmvqotzdh.supabase.co/storage/v1/object/public/item-photos/public/1780026156336.jpg	[{"item": "http://dummyimage.com/108x100.png/ff4444/ffffff"}, {"item": "http://dummyimage.com/116x100.png/dddddd/000000"}, {"item": "http://dummyimage.com/182x100.png/cc0000/ffffff"}, {"item": "http://dummyimage.com/239x100.png/ff4444/ffffff"}, {"item": "http://dummyimage.com/194x100.png/cc0000/ffffff"}]	25	0	2026-05-29 03:42:39.714545+00	f
30	item 57	2	1	https://oyqsxibmeioqmvqotzdh.supabase.co/storage/v1/object/public/item-photos/public/1780032890651.jpg	[{"item": "https://oyqsxibmeioqmvqotzdh.supabase.co/storage/v1/object/public/item-photos/public/01780032889987.jpg"}]	57	0	2026-05-29 05:34:51.819603+00	f
17	Item 26	1	2	https://oyqsxibmeioqmvqotzdh.supabase.co/storage/v1/object/public/item-photos/public/1780026200746.jpg	["https://oyqsxibmeioqmvqotzdh.supabase.co/storage/v1/object/public/item-photos/public/1780026094792.jpg", "https://oyqsxibmeioqmvqotzdh.supabase.co/storage/v1/object/public/item-photos/public/1780026095597.jpg", "https://oyqsxibmeioqmvqotzdh.supabase.co/storage/v1/object/public/item-photos/public/1780026096167.jpg", "https://oyqsxibmeioqmvqotzdh.supabase.co/storage/v1/object/public/item-photos/public/1780026096888.jpg", "https://oyqsxibmeioqmvqotzdh.supabase.co/storage/v1/object/public/item-photos/public/1780026157289.jpg", "https://oyqsxibmeioqmvqotzdh.supabase.co/storage/v1/object/public/item-photos/public/1780026157959.jpg", "https://oyqsxibmeioqmvqotzdh.supabase.co/storage/v1/object/public/item-photos/public/1780026158566.jpg", "https://oyqsxibmeioqmvqotzdh.supabase.co/storage/v1/object/public/item-photos/public/1780026159287.jpg", "https://oyqsxibmeioqmvqotzdh.supabase.co/storage/v1/object/public/item-photos/public/1780026201642.jpg", "https://oyqsxibmeioqmvqotzdh.supabase.co/storage/v1/object/public/item-photos/public/1780026202174.jpg", "https://oyqsxibmeioqmvqotzdh.supabase.co/storage/v1/object/public/item-photos/public/1780026202773.jpg"]	26	0	2026-05-29 03:43:23.947377+00	f
18	Item 27	1	2	https://oyqsxibmeioqmvqotzdh.supabase.co/storage/v1/object/public/item-photos/public/1780026343191.jpg	[{"item": "https://oyqsxibmeioqmvqotzdh.supabase.co/storage/v1/object/public/item-photos/public/1780026094792.jpg"}, {"item": "https://oyqsxibmeioqmvqotzdh.supabase.co/storage/v1/object/public/item-photos/public/1780026095597.jpg"}, {"item": "https://oyqsxibmeioqmvqotzdh.supabase.co/storage/v1/object/public/item-photos/public/1780026096167.jpg"}, {"item": "https://oyqsxibmeioqmvqotzdh.supabase.co/storage/v1/object/public/item-photos/public/1780026096888.jpg"}, {"item": "https://oyqsxibmeioqmvqotzdh.supabase.co/storage/v1/object/public/item-photos/public/1780026157289.jpg"}, {"item": "https://oyqsxibmeioqmvqotzdh.supabase.co/storage/v1/object/public/item-photos/public/1780026157959.jpg"}, {"item": "https://oyqsxibmeioqmvqotzdh.supabase.co/storage/v1/object/public/item-photos/public/1780026158566.jpg"}, {"item": "https://oyqsxibmeioqmvqotzdh.supabase.co/storage/v1/object/public/item-photos/public/1780026159287.jpg"}, {"item": "https://oyqsxibmeioqmvqotzdh.supabase.co/storage/v1/object/public/item-photos/public/1780026201642.jpg"}, {"item": "https://oyqsxibmeioqmvqotzdh.supabase.co/storage/v1/object/public/item-photos/public/1780026202174.jpg"}, {"item": "https://oyqsxibmeioqmvqotzdh.supabase.co/storage/v1/object/public/item-photos/public/1780026202773.jpg"}, {"item": "https://oyqsxibmeioqmvqotzdh.supabase.co/storage/v1/object/public/item-photos/public/1780026203524.jpg"}, {"item": "https://oyqsxibmeioqmvqotzdh.supabase.co/storage/v1/object/public/item-photos/public/1780026344396.jpg"}, {"item": "https://oyqsxibmeioqmvqotzdh.supabase.co/storage/v1/object/public/item-photos/public/1780026345246.jpg"}, {"item": "https://oyqsxibmeioqmvqotzdh.supabase.co/storage/v1/object/public/item-photos/public/1780026345880.jpg"}]	27	0	2026-05-29 03:45:47.061219+00	f
19	Item 30	2	2	https://oyqsxibmeioqmvqotzdh.supabase.co/storage/v1/object/public/item-photos/public/1780026708602.jpg	[{"item": "https://oyqsxibmeioqmvqotzdh.supabase.co/storage/v1/object/public/item-photos/public/1780026709888.jpg"}, {"item": "https://oyqsxibmeioqmvqotzdh.supabase.co/storage/v1/object/public/item-photos/public/1780026710836.jpg"}, {"item": "https://oyqsxibmeioqmvqotzdh.supabase.co/storage/v1/object/public/item-photos/public/1780026711616.jpg"}]	30	0	2026-05-29 03:51:53.105858+00	f
20	Item 31	1	1	https://oyqsxibmeioqmvqotzdh.supabase.co/storage/v1/object/public/item-photos/public/1780026743166.jpg	[{"item": "https://oyqsxibmeioqmvqotzdh.supabase.co/storage/v1/object/public/item-photos/public/1780026709888.jpg"}, {"item": "https://oyqsxibmeioqmvqotzdh.supabase.co/storage/v1/object/public/item-photos/public/1780026710836.jpg"}, {"item": "https://oyqsxibmeioqmvqotzdh.supabase.co/storage/v1/object/public/item-photos/public/1780026711616.jpg"}, {"item": "https://oyqsxibmeioqmvqotzdh.supabase.co/storage/v1/object/public/item-photos/public/1780026712446.jpg"}, {"item": "https://oyqsxibmeioqmvqotzdh.supabase.co/storage/v1/object/public/item-photos/public/1780026744266.jpg"}, {"item": "https://oyqsxibmeioqmvqotzdh.supabase.co/storage/v1/object/public/item-photos/public/1780026744785.jpg"}, {"item": "https://oyqsxibmeioqmvqotzdh.supabase.co/storage/v1/object/public/item-photos/public/1780026745343.jpg"}]	31	0	2026-05-29 03:52:27.163994+00	f
21	Item 32	1	51	https://oyqsxibmeioqmvqotzdh.supabase.co/storage/v1/object/public/item-photos/public/1780026818486.jpg	[{"item": "https://oyqsxibmeioqmvqotzdh.supabase.co/storage/v1/object/public/item-photos/public/1780026709888.jpg"}, {"item": "https://oyqsxibmeioqmvqotzdh.supabase.co/storage/v1/object/public/item-photos/public/1780026710836.jpg"}, {"item": "https://oyqsxibmeioqmvqotzdh.supabase.co/storage/v1/object/public/item-photos/public/1780026711616.jpg"}]	32	0	2026-05-29 03:53:41.637367+00	f
22	Item 40	1	1	https://oyqsxibmeioqmvqotzdh.supabase.co/storage/v1/object/public/item-photos/public/1780027380568.jpg	[{"item": "https://oyqsxibmeioqmvqotzdh.supabase.co/storage/v1/object/public/item-photos/public/01780027381448.jpg"}, {"item": "https://oyqsxibmeioqmvqotzdh.supabase.co/storage/v1/object/public/item-photos/public/11780027382266.jpg"}, {"item": "https://oyqsxibmeioqmvqotzdh.supabase.co/storage/v1/object/public/item-photos/public/21780027382889.jpg"}]	40	0	2026-05-29 04:03:04.203031+00	f
23	Item 41	2	1	https://oyqsxibmeioqmvqotzdh.supabase.co/storage/v1/object/public/item-photos/public/1780027554759.jpg	[{"item": "https://oyqsxibmeioqmvqotzdh.supabase.co/storage/v1/object/public/item-photos/public/01780027555861.jpg"}, {"item": "https://oyqsxibmeioqmvqotzdh.supabase.co/storage/v1/object/public/item-photos/public/11780027556422.jpg"}, {"item": "https://oyqsxibmeioqmvqotzdh.supabase.co/storage/v1/object/public/item-photos/public/21780027557223.jpg"}]	41	0	2026-05-29 04:05:58.408996+00	f
24	Item 50	1	1	https://oyqsxibmeioqmvqotzdh.supabase.co/storage/v1/object/public/item-photos/public/1780032241195.jpg	[{"item": "https://oyqsxibmeioqmvqotzdh.supabase.co/storage/v1/object/public/item-photos/public/01780032242479.jpg"}]	50	0	2026-05-29 05:24:04.955781+00	f
25	Item 51	1	1	https://oyqsxibmeioqmvqotzdh.supabase.co/storage/v1/object/public/item-photos/public/1780032275714.jpg	[{"item": "https://oyqsxibmeioqmvqotzdh.supabase.co/storage/v1/object/public/item-photos/public/01780032276597.jpg"}, {"item": "https://oyqsxibmeioqmvqotzdh.supabase.co/storage/v1/object/public/item-photos/public/11780032277222.jpg"}]	51	0	2026-05-29 05:24:38.404242+00	f
26	Item 52	6	2	https://oyqsxibmeioqmvqotzdh.supabase.co/storage/v1/object/public/item-photos/public/1780032334559.jpg	[{"item": "https://oyqsxibmeioqmvqotzdh.supabase.co/storage/v1/object/public/item-photos/public/01780032335540.jpg"}]	52	0	2026-05-29 05:25:36.632415+00	f
27	Item 53	1	2	https://oyqsxibmeioqmvqotzdh.supabase.co/storage/v1/object/public/item-photos/public/1780032397983.jpg	[{"item": "https://oyqsxibmeioqmvqotzdh.supabase.co/storage/v1/object/public/item-photos/public/01780032398985.jpg"}, {"item": "https://oyqsxibmeioqmvqotzdh.supabase.co/storage/v1/object/public/item-photos/public/11780032399766.jpg"}, {"item": "https://oyqsxibmeioqmvqotzdh.supabase.co/storage/v1/object/public/item-photos/public/21780032400351.jpg"}, {"item": "https://oyqsxibmeioqmvqotzdh.supabase.co/storage/v1/object/public/item-photos/public/31780032400980.jpg"}, {"item": "https://oyqsxibmeioqmvqotzdh.supabase.co/storage/v1/object/public/item-photos/public/41780032401521.jpg"}]	53	0	2026-05-29 05:26:43.404624+00	f
28	Item 55	1	2	https://oyqsxibmeioqmvqotzdh.supabase.co/storage/v1/object/public/item-photos/public/1780032541665.jpg	[{"item": "https://oyqsxibmeioqmvqotzdh.supabase.co/storage/v1/object/public/item-photos/public/01780032542535.jpg"}, {"item": "https://oyqsxibmeioqmvqotzdh.supabase.co/storage/v1/object/public/item-photos/public/11780032543363.jpg"}]	55	0	2026-05-29 05:29:04.443835+00	f
29	Item 56	2	1	https://oyqsxibmeioqmvqotzdh.supabase.co/storage/v1/object/public/item-photos/public/1780032646264.jpg	[{"item": "https://oyqsxibmeioqmvqotzdh.supabase.co/storage/v1/object/public/item-photos/public/01780032646809.jpg"}, {"item": "https://oyqsxibmeioqmvqotzdh.supabase.co/storage/v1/object/public/item-photos/public/11780032647972.jpg"}]	56	0	2026-05-29 05:30:48.981691+00	f
31	Item 58	6	1	https://oyqsxibmeioqmvqotzdh.supabase.co/storage/v1/object/public/item-photos/public/1780032928594.jpg	[{"item": "https://oyqsxibmeioqmvqotzdh.supabase.co/storage/v1/object/public/item-photos/public/01780032928975.jpg"}, {"item": "https://oyqsxibmeioqmvqotzdh.supabase.co/storage/v1/object/public/item-photos/public/11780032929402.jpg"}, {"item": "https://oyqsxibmeioqmvqotzdh.supabase.co/storage/v1/object/public/item-photos/public/21780032930137.jpg"}]	58	0	2026-05-29 05:35:31.153457+00	f
32	Item 59	1	2	https://oyqsxibmeioqmvqotzdh.supabase.co/storage/v1/object/public/item-photos/public/1780033012524.jpg	[{"item": "https://oyqsxibmeioqmvqotzdh.supabase.co/storage/v1/object/public/item-photos/public/01780033013415.jpg"}, {"item": "https://oyqsxibmeioqmvqotzdh.supabase.co/storage/v1/object/public/item-photos/public/11780033014468.jpg"}]	59	0	2026-05-29 05:36:55.694319+00	f
33	Item 60	1	1	https://oyqsxibmeioqmvqotzdh.supabase.co/storage/v1/object/public/item-photos/public/1780033213455.jpg	[{"item": "https://oyqsxibmeioqmvqotzdh.supabase.co/storage/v1/object/public/item-photos/public/01780033214451.jpg"}, {"item": "https://oyqsxibmeioqmvqotzdh.supabase.co/storage/v1/object/public/item-photos/public/11780033215018.jpg"}, {"item": "https://oyqsxibmeioqmvqotzdh.supabase.co/storage/v1/object/public/item-photos/public/21780033215703.jpg"}]	60	0	2026-05-29 05:40:16.851047+00	f
34	Item 61	1	2	https://oyqsxibmeioqmvqotzdh.supabase.co/storage/v1/object/public/item-photos/public/1780033340103.jpg	[{"item": "https://oyqsxibmeioqmvqotzdh.supabase.co/storage/v1/object/public/item-photos/public/01780033340404.jpg"}, {"item": "https://oyqsxibmeioqmvqotzdh.supabase.co/storage/v1/object/public/item-photos/public/11780033340800.jpg"}, {"item": "https://oyqsxibmeioqmvqotzdh.supabase.co/storage/v1/object/public/item-photos/public/21780033341141.jpg"}]	61	0	2026-05-29 05:42:22.237261+00	f
35	Item 62	1	2	https://oyqsxibmeioqmvqotzdh.supabase.co/storage/v1/object/public/item-photos/public/1780033434849.jpg	[{"item": "https://oyqsxibmeioqmvqotzdh.supabase.co/storage/v1/object/public/item-photos/public/01780033435406.jpg"}, {"item": "https://oyqsxibmeioqmvqotzdh.supabase.co/storage/v1/object/public/item-photos/public/11780033436280.jpg"}, {"item": "https://oyqsxibmeioqmvqotzdh.supabase.co/storage/v1/object/public/item-photos/public/21780033436892.jpg"}]	62	0	2026-05-29 05:43:58.793538+00	f
36	Item 63	1	1	https://oyqsxibmeioqmvqotzdh.supabase.co/storage/v1/object/public/item-photos/public/thumbnail_1780037619946.jpg	[{"item": "http://dummyimage.com/108x100.png/ff4444/ffffff"}, {"item": "http://dummyimage.com/116x100.png/dddddd/000000"}, {"item": "http://dummyimage.com/182x100.png/cc0000/ffffff"}, {"item": "http://dummyimage.com/239x100.png/ff4444/ffffff"}, {"item": "http://dummyimage.com/194x100.png/cc0000/ffffff"}]	63	0	2026-05-29 06:53:45.571277+00	f
37	Item 64	1	1	https://oyqsxibmeioqmvqotzdh.supabase.co/storage/v1/object/public/item-photos/public/thumbnail_1780037767131.jpg	[{"item": "http://dummyimage.com/108x100.png/ff4444/ffffff"}, {"item": "http://dummyimage.com/116x100.png/dddddd/000000"}, {"item": "http://dummyimage.com/182x100.png/cc0000/ffffff"}, {"item": "http://dummyimage.com/239x100.png/ff4444/ffffff"}, {"item": "http://dummyimage.com/194x100.png/cc0000/ffffff"}]	64	0	2026-05-29 06:56:08.758978+00	f
38	Item 65	1	1	https://oyqsxibmeioqmvqotzdh.supabase.co/storage/v1/object/public/item-photos/public/thumbnail_1780037930581.jpg	[{"item": "http://dummyimage.com/108x100.png/ff4444/ffffff"}, {"item": "http://dummyimage.com/116x100.png/dddddd/000000"}, {"item": "http://dummyimage.com/182x100.png/cc0000/ffffff"}, {"item": "http://dummyimage.com/239x100.png/ff4444/ffffff"}, {"item": "http://dummyimage.com/194x100.png/cc0000/ffffff"}]	65	0	2026-05-29 06:58:52.382339+00	f
39	Item 66	1	1	https://oyqsxibmeioqmvqotzdh.supabase.co/storage/v1/object/public/item-photos/public/thumbnail_1780038555147.jpg	[{"item": "http://dummyimage.com/108x100.png/ff4444/ffffff"}, {"item": "http://dummyimage.com/116x100.png/dddddd/000000"}, {"item": "http://dummyimage.com/182x100.png/cc0000/ffffff"}, {"item": "http://dummyimage.com/239x100.png/ff4444/ffffff"}, {"item": "http://dummyimage.com/194x100.png/cc0000/ffffff"}]	66	0	2026-05-29 07:09:16.167985+00	f
40	Item 67	1	1	https://oyqsxibmeioqmvqotzdh.supabase.co/storage/v1/object/public/item-photos/public/thumbnail_1780038577368.jpg	[{"item": "http://dummyimage.com/108x100.png/ff4444/ffffff"}, {"item": "http://dummyimage.com/116x100.png/dddddd/000000"}, {"item": "http://dummyimage.com/182x100.png/cc0000/ffffff"}, {"item": "http://dummyimage.com/239x100.png/ff4444/ffffff"}, {"item": "http://dummyimage.com/194x100.png/cc0000/ffffff"}]	67	0	2026-05-29 07:09:38.386179+00	f
41	Item 68	1	1	https://oyqsxibmeioqmvqotzdh.supabase.co/storage/v1/object/public/item-photos/public/thumbnail_1780041763529.jpg	[{"item": "https://oyqsxibmeioqmvqotzdh.supabase.co/storage/v1/object/public/item-photos/public/gallery0_1780041764265.jpg"}, {"item": "https://oyqsxibmeioqmvqotzdh.supabase.co/storage/v1/object/public/item-photos/public/gallery1_1780041765027.jpg"}, {"item": "https://oyqsxibmeioqmvqotzdh.supabase.co/storage/v1/object/public/item-photos/public/gallery2_1780041765853.jpg"}, {"item": "https://oyqsxibmeioqmvqotzdh.supabase.co/storage/v1/object/public/item-photos/public/gallery3_1780041766710.jpg"}]	68	0	2026-05-29 08:02:48.527043+00	f
42	Item 69	1	1	https://oyqsxibmeioqmvqotzdh.supabase.co/storage/v1/object/public/item-photos/public/thumbnail_1780042427591.jpg	[{"item": "https://oyqsxibmeioqmvqotzdh.supabase.co/storage/v1/object/public/item-photos/public/gallery0_1780042428098.jpg"}, {"item": "https://oyqsxibmeioqmvqotzdh.supabase.co/storage/v1/object/public/item-photos/public/gallery1_1780042429034.jpg"}, {"item": "https://oyqsxibmeioqmvqotzdh.supabase.co/storage/v1/object/public/item-photos/public/gallery2_1780042429839.jpg"}]	69	0	2026-05-29 08:13:51.839356+00	f
54	Item 102	1	2	https://oyqsxibmeioqmvqotzdh.supabase.co/storage/v1/object/public/item-photos/public/thumbnail_1780457594794.jpg	[]	102	0	2026-06-03 03:33:19.964346+00	f
55	Item 103	1	2	https://oyqsxibmeioqmvqotzdh.supabase.co/storage/v1/object/public/item-photos/public/thumbnail_1780457624356.jpg	[]	103	0	2026-06-03 03:33:47.700457+00	f
56	Item 104	63	107	https://oyqsxibmeioqmvqotzdh.supabase.co/storage/v1/object/public/item-photos/public/thumbnail_1780459658519.jpg	[]	104	0	2026-06-03 04:07:41.977885+00	f
57	Item 106	62	107	https://oyqsxibmeioqmvqotzdh.supabase.co/storage/v1/object/public/item-photos/public/thumbnail_1780459755117.jpg	[]	106	0	2026-06-03 04:09:18.673991+00	f
53	Item 101	63	108	https://oyqsxibmeioqmvqotzdh.supabase.co/storage/v1/object/public/item-photos/public/thumbnail_1780389460439.jpg	[]	101	1	2026-06-02 08:37:41.549069+00	f
52	Item 100	62	107	https://oyqsxibmeioqmvqotzdh.supabase.co/storage/v1/object/public/item-photos/public/thumbnail_1780388946158.jpg	[{"item": "https://oyqsxibmeioqmvqotzdh.supabase.co/storage/v1/object/public/item-photos/public/gallery0_1780388953928.jpg"}, {"item": "https://oyqsxibmeioqmvqotzdh.supabase.co/storage/v1/object/public/item-photos/public/gallery1_1780388954742.jpg"}, {"item": "https://oyqsxibmeioqmvqotzdh.supabase.co/storage/v1/object/public/item-photos/public/gallery2_1780388955361.jpg"}]	100	3	2026-06-03 02:04:19.421+00	f
51	Item 87	2	1	https://oyqsxibmeioqmvqotzdh.supabase.co/storage/v1/object/public/item-photos/public/thumbnail_1780374629638.jpg	[{"item": "https://oyqsxibmeioqmvqotzdh.supabase.co/storage/v1/object/public/item-photos/public/gallery0_1780375487033.jpg"}, {"item": "https://oyqsxibmeioqmvqotzdh.supabase.co/storage/v1/object/public/item-photos/public/gallery1_1780375488221.jpg"}, {"item": "https://oyqsxibmeioqmvqotzdh.supabase.co/storage/v1/object/public/item-photos/public/gallery2_1780375489057.jpg"}, {"item": "https://oyqsxibmeioqmvqotzdh.supabase.co/storage/v1/object/public/item-photos/public/gallery3_1780375489657.jpg"}]	84	1	2026-06-03 02:04:44.652+00	f
43	Item 70	1	1	https://oyqsxibmeioqmvqotzdh.supabase.co/storage/v1/object/public/item-photos/public/thumbnail_1780042668435.jpg	[{"item": "https://oyqsxibmeioqmvqotzdh.supabase.co/storage/v1/object/public/item-photos/public/gallery0_1780042669900.jpg"}, {"item": "https://oyqsxibmeioqmvqotzdh.supabase.co/storage/v1/object/public/item-photos/public/gallery1_1780042670515.jpg"}, {"item": "https://oyqsxibmeioqmvqotzdh.supabase.co/storage/v1/object/public/item-photos/public/gallery2_1780042671221.jpg"}, {"item": "https://oyqsxibmeioqmvqotzdh.supabase.co/storage/v1/object/public/item-photos/public/gallery3_1780042672001.jpg"}]	70	0	2026-06-03 02:06:45.202+00	f
44	Item 71	1	1	https://oyqsxibmeioqmvqotzdh.supabase.co/storage/v1/object/public/item-photos/public/thumbnail_1780043008920.jpg	[{"item": "https://oyqsxibmeioqmvqotzdh.supabase.co/storage/v1/object/public/item-photos/public/gallery0_1780043008826.jpg"}]	71	0	2026-06-03 02:06:45.202+00	f
50	Item 72	1	1	https://oyqsxibmeioqmvqotzdh.supabase.co/storage/v1/object/public/item-photos/public/thumbnail_1780044334818.jpg	[{"item": "https://oyqsxibmeioqmvqotzdh.supabase.co/storage/v1/object/public/item-photos/public/gallery0_1780044335847.jpg"}, {"item": "https://oyqsxibmeioqmvqotzdh.supabase.co/storage/v1/object/public/item-photos/public/gallery1_1780044336470.jpg"}, {"item": "https://oyqsxibmeioqmvqotzdh.supabase.co/storage/v1/object/public/item-photos/public/gallery2_1780044337248.jpg"}, {"item": "https://oyqsxibmeioqmvqotzdh.supabase.co/storage/v1/object/public/item-photos/public/gallery3_1780044337840.jpg"}]	72	0	2026-06-03 02:06:45.202+00	f
59	Item 107	6	2	https://oyqsxibmeioqmvqotzdh.supabase.co/storage/v1/object/public/item-photos/public/thumbnail_1780459877359.jpg	[]	107	0	2026-06-03 04:11:21.548745+00	f
60	Item 109	62	54	https://oyqsxibmeioqmvqotzdh.supabase.co/storage/v1/object/public/item-photos/public/thumbnail_1780459983486.jpg	[]	109	0	2026-06-03 04:13:07.465371+00	f
61	Item 110	2	54	https://oyqsxibmeioqmvqotzdh.supabase.co/storage/v1/object/public/item-photos/public/thumbnail_1780460054529.jpg	[]	110	0	2026-06-03 04:14:18.930776+00	f
62	Item 200	1	2	https://oyqsxibmeioqmvqotzdh.supabase.co/storage/v1/object/public/item-photos/public/thumbnail_1780464959688.jpg	[{"item": "https://oyqsxibmeioqmvqotzdh.supabase.co/storage/v1/object/public/item-photos/public/adsf_0.jpg"}, {"item": "https://oyqsxibmeioqmvqotzdh.supabase.co/storage/v1/object/public/item-photos/public/adsf_1.jpg"}, {"item": "https://oyqsxibmeioqmvqotzdh.supabase.co/storage/v1/object/public/item-photos/public/adsf_2.jpg"}, {"item": "https://oyqsxibmeioqmvqotzdh.supabase.co/storage/v1/object/public/item-photos/public/adsf_3.jpg"}]	200	0	2026-06-03 05:36:03.839666+00	f
63	Item 201	1	107	https://oyqsxibmeioqmvqotzdh.supabase.co/storage/v1/object/public/item-photos/public/thumbnail_1780465033540.jpg	[]	201	0	2026-06-03 05:37:17.690895+00	f
5	Lorem ipsum dolor sit amet consectetur, adipisicing elit. Reiciendis dolore soluta facilis nemo quam. Earum voluptas officiis a consectetur totam asperiores harum ex. Inventore nobis quae in nemo vel asperiores?	6	54	http://dummyimage.com/173x100.png/dddddd/000000	[{"item": "http://dummyimage.com/108x100.png/ff4444/ffffff"}, {"item": "http://dummyimage.com/116x100.png/dddddd/000000"}, {"item": "http://dummyimage.com/182x100.png/cc0000/ffffff"}, {"item": "http://dummyimage.com/239x100.png/ff4444/ffffff"}, {"item": "http://dummyimage.com/194x100.png/cc0000/ffffff"}]	4	0	2026-06-04 04:39:37.239+00	f
1	Item 1	1	1	http://dummyimage.com/173x100.png/dddddd/000000	[{"item": "http://dummyimage.com/108x100.png/ff4444/ffffff"}, {"item": "http://dummyimage.com/116x100.png/dddddd/000000"}, {"item": "http://dummyimage.com/182x100.png/cc0000/ffffff"}, {"item": "http://dummyimage.com/239x100.png/ff4444/ffffff"}, {"item": "http://dummyimage.com/194x100.png/cc0000/ffffff"}]	1	0	2026-06-04 05:37:54.849+00	f
4	Item 3	1	1	http://dummyimage.com/173x100.png/dddddd/000000	[{"item": "http://dummyimage.com/108x100.png/ff4444/ffffff"}, {"item": "http://dummyimage.com/116x100.png/dddddd/000000"}, {"item": "http://dummyimage.com/182x100.png/cc0000/ffffff"}, {"item": "http://dummyimage.com/239x100.png/ff4444/ffffff"}, {"item": "http://dummyimage.com/194x100.png/cc0000/ffffff"}]	3	0	2026-06-04 05:23:03.432+00	f
64	Iijdoasdfaf	75	127	https://oyqsxibmeioqmvqotzdh.supabase.co/storage/v1/object/public/item-photos/public/thumbnail_64_1780479281778.webp	[{"item": "https://oyqsxibmeioqmvqotzdh.supabase.co/storage/v1/object/public/item-photos/public/gallery_0_1780479501321.webp"}]	206	0	2026-06-03 05:49:10.205052+00	f
2	Item 2	2	2	http://dummyimage.com/173x100.png/dddddd/000000	[{"item": "http://dummyimage.com/108x100.png/ff4444/ffffff"}, {"item": "http://dummyimage.com/116x100.png/dddddd/000000"}, {"item": "http://dummyimage.com/182x100.png/cc0000/ffffff"}, {"item": "http://dummyimage.com/239x100.png/ff4444/ffffff"}, {"item": "http://dummyimage.com/194x100.png/cc0000/ffffff"}]	2	0	2026-06-04 05:37:23.355+00	f
\.


--
-- Data for Name: incoming_items; Type: TABLE DATA; Schema: public; Owner: postgres
--

COPY public.incoming_items (transaction_id, item_id, quantity) FROM stdin;
48	1	5
48	2	3
49	4	2
50	2	10
51	53	5
52	53	6
53	52	5
54	52	5
55	51	1
55	50	2
55	44	3
56	50	4
56	43	5
56	44	6
57	1	5
57	2	23
57	4	1231
57	5	6
58	1	1
58	2	1
58	4	1
59	1	20
60	1	5
60	2	6
60	4	10
61	1	15
62	1	200
62	2	50
63	1	20
\.


--
-- Data for Name: outgoing_transactions; Type: TABLE DATA; Schema: public; Owner: postgres
--

COPY public.outgoing_transactions (id, logger_id, created_at, expend_date, expender, remarks) FROM stdin;
5	1	2026-05-28 06:01:50.797+00	2026-05-28	Roof	Roof
6	1	2026-05-28 06:44:40.992+00	2026-05-28	John	Roof
7	1	2026-06-04 05:02:51.042+00	2026-06-04	John	Floor
8	1	2026-06-04 05:14:47.712+00	2026-06-04	John	Floor
9	1	2026-06-04 05:25:41.663+00	2026-06-04	Jerry	Wall
\.


--
-- Data for Name: outgoing_items; Type: TABLE DATA; Schema: public; Owner: postgres
--

COPY public.outgoing_items (transaction_id, item_id, quantity) FROM stdin;
5	1	3
6	1	2
7	1	5
7	2	1
8	1	20
9	1	5
\.


--
-- Data for Name: sessions; Type: TABLE DATA; Schema: public; Owner: postgres
--

COPY public.sessions (id, secret_hash, created_at, user_id) FROM stdin;
m898b5wqedz4d9bdmgvxrrya	\\x7779bfee508b0f2cb819490f90d621d9f56fcac92f170b3b1fedd7c0c37e50bb	1779694205	1
ebrqsfv325rmirbnytya32nk	\\x18e12b918342b5e47d2fc1ae0647714589f83b3c5cfdbc186f977239daa40a57	1779760734	1
d2tcxxqa6dhmpq3s9v3zeb2c	\\xe3be6c8d7b2fac5390d92fd43167ddcd528e12d61a23caad1c5f6e78a0f46a0b	1779947972	1
532kkv3phmwezpe8sgdb8tky	\\xb0a7897d1d3c4ab9b76c45d07fe2543c87a9269d64f3231463d6ed0da8094247	1780457005	1
f86rasczkfuqfyx2j6eq36dg	\\xdb32fbd8316c42e9c6e7350a571ceb1d1d2240257a9cdc91226698bfacb8a056	1780540582	1
\.


--
-- Data for Name: schema_migrations; Type: TABLE DATA; Schema: realtime; Owner: supabase_admin
--

COPY realtime.schema_migrations (version, inserted_at) FROM stdin;
20211116024918	2026-05-24 21:05:03
20211116045059	2026-05-24 21:05:03
20211116050929	2026-05-24 21:05:03
20211116051442	2026-05-24 21:05:03
20211116212300	2026-05-24 21:05:03
20211116213355	2026-05-24 21:05:03
20211116213934	2026-05-24 21:05:03
20211116214523	2026-05-24 21:05:03
20211122062447	2026-05-24 21:05:03
20211124070109	2026-05-24 21:05:03
20211202204204	2026-05-24 21:05:03
20211202204605	2026-05-24 21:05:03
20211210212804	2026-05-24 21:05:03
20211228014915	2026-05-24 21:05:03
20220107221237	2026-05-24 21:05:03
20220228202821	2026-05-24 21:05:03
20220312004840	2026-05-24 21:05:03
20220603231003	2026-05-24 21:05:03
20220603232444	2026-05-24 21:05:03
20220615214548	2026-05-24 21:05:03
20220712093339	2026-05-24 21:05:03
20220908172859	2026-05-24 21:05:03
20220916233421	2026-05-24 21:05:03
20230119133233	2026-05-24 21:05:03
20230128025114	2026-05-24 21:05:03
20230128025212	2026-05-24 21:05:03
20230227211149	2026-05-24 21:05:03
20230228184745	2026-05-24 21:05:03
20230308225145	2026-05-24 21:05:03
20230328144023	2026-05-24 21:05:03
20231018144023	2026-05-24 21:05:03
20231204144023	2026-05-24 21:05:03
20231204144024	2026-05-24 21:05:03
20231204144025	2026-05-24 21:05:03
20240108234812	2026-05-24 21:05:03
20240109165339	2026-05-24 21:05:03
20240227174441	2026-05-24 21:05:03
20240311171622	2026-05-24 21:05:03
20240321100241	2026-05-24 21:05:03
20240401105812	2026-05-24 21:05:03
20240418121054	2026-05-24 21:05:03
20240523004032	2026-05-24 21:05:03
20240618124746	2026-05-24 21:05:03
20240801235015	2026-05-24 21:05:03
20240805133720	2026-05-24 21:05:03
20240827160934	2026-05-24 21:05:03
20240919163303	2026-05-24 21:05:03
20240919163305	2026-05-24 21:05:03
20241019105805	2026-05-24 21:05:03
20241030150047	2026-05-24 21:05:03
20241108114728	2026-05-24 21:05:03
20241121104152	2026-05-24 21:05:03
20241130184212	2026-05-24 21:05:03
20241220035512	2026-05-24 21:05:03
20241220123912	2026-05-24 21:05:03
20241224161212	2026-05-24 21:05:03
20250107150512	2026-05-24 21:05:03
20250110162412	2026-05-24 21:05:03
20250123174212	2026-05-24 21:05:03
20250128220012	2026-05-24 21:05:03
20250506224012	2026-05-24 21:05:03
20250523164012	2026-05-24 21:05:03
20250714121412	2026-05-24 21:05:03
20250905041441	2026-05-24 21:05:03
20251103001201	2026-05-24 21:05:03
20251120212548	2026-05-24 21:05:03
20251120215549	2026-05-24 21:05:03
20260218120000	2026-05-24 21:05:03
20260326120000	2026-05-24 21:05:03
20260514120000	2026-06-03 05:47:33
20260527120000	2026-06-03 05:47:33
20260528120000	2026-06-03 05:47:33
20260603120000	2026-06-04 01:38:35
\.


--
-- Data for Name: subscription; Type: TABLE DATA; Schema: realtime; Owner: supabase_admin
--

COPY realtime.subscription (id, subscription_id, entity, filters, claims, created_at, action_filter, selected_columns) FROM stdin;
\.


--
-- Data for Name: buckets; Type: TABLE DATA; Schema: storage; Owner: supabase_storage_admin
--

COPY storage.buckets (id, name, owner, created_at, updated_at, public, avif_autodetection, file_size_limit, allowed_mime_types, owner_id, type) FROM stdin;
item-photos	item-photos	\N	2026-05-28 09:38:47.277361+00	2026-05-28 09:38:47.277361+00	t	f	215040	{image/*}	\N	STANDARD
\.


--
-- Data for Name: buckets_analytics; Type: TABLE DATA; Schema: storage; Owner: supabase_storage_admin
--

COPY storage.buckets_analytics (name, type, format, created_at, updated_at, id, deleted_at) FROM stdin;
\.


--
-- Data for Name: buckets_vectors; Type: TABLE DATA; Schema: storage; Owner: supabase_storage_admin
--

COPY storage.buckets_vectors (id, type, created_at, updated_at) FROM stdin;
\.


--
-- Data for Name: migrations; Type: TABLE DATA; Schema: storage; Owner: supabase_storage_admin
--

COPY storage.migrations (id, name, hash, executed_at) FROM stdin;
0	create-migrations-table	e18db593bcde2aca2a408c4d1100f6abba2195df	2026-05-24 21:05:04.541989
1	initialmigration	6ab16121fbaa08bbd11b712d05f358f9b555d777	2026-05-24 21:05:04.557295
2	storage-schema	f6a1fa2c93cbcd16d4e487b362e45fca157a8dbd	2026-05-24 21:05:04.561072
3	pathtoken-column	2cb1b0004b817b29d5b0a971af16bafeede4b70d	2026-05-24 21:05:04.580703
4	add-migrations-rls	427c5b63fe1c5937495d9c635c263ee7a5905058	2026-05-24 21:05:04.591135
5	add-size-functions	79e081a1455b63666c1294a440f8ad4b1e6a7f84	2026-05-24 21:05:04.59405
6	change-column-name-in-get-size	ded78e2f1b5d7e616117897e6443a925965b30d2	2026-05-24 21:05:04.596605
7	add-rls-to-buckets	e7e7f86adbc51049f341dfe8d30256c1abca17aa	2026-05-24 21:05:04.601163
8	add-public-to-buckets	fd670db39ed65f9d08b01db09d6202503ca2bab3	2026-05-24 21:05:04.603464
9	fix-search-function	af597a1b590c70519b464a4ab3be54490712796b	2026-05-24 21:05:04.607159
10	search-files-search-function	b595f05e92f7e91211af1bbfe9c6a13bb3391e16	2026-05-24 21:05:04.609711
11	add-trigger-to-auto-update-updated_at-column	7425bdb14366d1739fa8a18c83100636d74dcaa2	2026-05-24 21:05:04.61449
12	add-automatic-avif-detection-flag	8e92e1266eb29518b6a4c5313ab8f29dd0d08df9	2026-05-24 21:05:04.617851
13	add-bucket-custom-limits	cce962054138135cd9a8c4bcd531598684b25e7d	2026-05-24 21:05:04.622422
14	use-bytes-for-max-size	941c41b346f9802b411f06f30e972ad4744dad27	2026-05-24 21:05:04.624935
15	add-can-insert-object-function	934146bc38ead475f4ef4b555c524ee5d66799e5	2026-05-24 21:05:04.647826
16	add-version	76debf38d3fd07dcfc747ca49096457d95b1221b	2026-05-24 21:05:04.650502
17	drop-owner-foreign-key	f1cbb288f1b7a4c1eb8c38504b80ae2a0153d101	2026-05-24 21:05:04.652819
18	add_owner_id_column_deprecate_owner	e7a511b379110b08e2f214be852c35414749fe66	2026-05-24 21:05:04.655014
19	alter-default-value-objects-id	02e5e22a78626187e00d173dc45f58fa66a4f043	2026-05-24 21:05:06.196924
20	list-objects-with-delimiter	cd694ae708e51ba82bf012bba00caf4f3b6393b7	2026-05-24 21:05:06.2258
21	s3-multipart-uploads	8c804d4a566c40cd1e4cc5b3725a664a9303657f	2026-05-24 21:05:06.248649
22	s3-multipart-uploads-big-ints	9737dc258d2397953c9953d9b86920b8be0cdb73	2026-05-24 21:05:06.275607
23	optimize-search-function	9d7e604cddc4b56a5422dc68c9313f4a1b6f132c	2026-05-24 21:05:06.288973
24	operation-function	8312e37c2bf9e76bbe841aa5fda889206d2bf8aa	2026-05-24 21:05:06.296921
25	custom-metadata	d974c6057c3db1c1f847afa0e291e6165693b990	2026-05-24 21:05:06.30447
26	objects-prefixes	215cabcb7f78121892a5a2037a09fedf9a1ae322	2026-05-24 21:05:06.310221
27	search-v2	859ba38092ac96eb3964d83bf53ccc0b141663a6	2026-05-24 21:05:06.315893
28	object-bucket-name-sorting	c73a2b5b5d4041e39705814fd3a1b95502d38ce4	2026-05-24 21:05:06.321752
29	create-prefixes	ad2c1207f76703d11a9f9007f821620017a66c21	2026-05-24 21:05:06.327349
30	update-object-levels	2be814ff05c8252fdfdc7cfb4b7f5c7e17f0bed6	2026-05-24 21:05:06.332276
31	objects-level-index	b40367c14c3440ec75f19bbce2d71e914ddd3da0	2026-05-24 21:05:06.338347
32	backward-compatible-index-on-objects	e0c37182b0f7aee3efd823298fb3c76f1042c0f7	2026-05-24 21:05:06.343899
33	backward-compatible-index-on-prefixes	b480e99ed951e0900f033ec4eb34b5bdcb4e3d49	2026-05-24 21:05:06.349768
34	optimize-search-function-v1	ca80a3dc7bfef894df17108785ce29a7fc8ee456	2026-05-24 21:05:06.355181
35	add-insert-trigger-prefixes	458fe0ffd07ec53f5e3ce9df51bfdf4861929ccc	2026-05-24 21:05:06.360547
36	optimise-existing-functions	6ae5fca6af5c55abe95369cd4f93985d1814ca8f	2026-05-24 21:05:06.365553
37	add-bucket-name-length-trigger	3944135b4e3e8b22d6d4cbb568fe3b0b51df15c1	2026-05-24 21:05:06.370695
38	iceberg-catalog-flag-on-buckets	02716b81ceec9705aed84aa1501657095b32e5c5	2026-05-24 21:05:06.377274
39	add-search-v2-sort-support	6706c5f2928846abee18461279799ad12b279b78	2026-05-24 21:05:06.387774
40	fix-prefix-race-conditions-optimized	7ad69982ae2d372b21f48fc4829ae9752c518f6b	2026-05-24 21:05:06.393308
41	add-object-level-update-trigger	07fcf1a22165849b7a029deed059ffcde08d1ae0	2026-05-24 21:05:06.398311
42	rollback-prefix-triggers	771479077764adc09e2ea2043eb627503c034cd4	2026-05-24 21:05:06.403582
43	fix-object-level	84b35d6caca9d937478ad8a797491f38b8c2979f	2026-05-24 21:05:06.408432
44	vector-bucket-type	99c20c0ffd52bb1ff1f32fb992f3b351e3ef8fb3	2026-05-24 21:05:06.413203
45	vector-buckets	049e27196d77a7cb76497a85afae669d8b230953	2026-05-24 21:05:06.41864
46	buckets-objects-grants	fedeb96d60fefd8e02ab3ded9fbde05632f84aed	2026-05-24 21:05:06.429965
47	iceberg-table-metadata	649df56855c24d8b36dd4cc1aeb8251aa9ad42c2	2026-05-24 21:05:06.43514
48	iceberg-catalog-ids	e0e8b460c609b9999ccd0df9ad14294613eed939	2026-05-24 21:05:06.440337
49	buckets-objects-grants-postgres	072b1195d0d5a2f888af6b2302a1938dd94b8b3d	2026-05-24 21:05:06.465847
50	search-v2-optimised	6323ac4f850aa14e7387eb32102869578b5bd478	2026-05-24 21:05:06.471467
51	index-backward-compatible-search	2ee395d433f76e38bcd3856debaf6e0e5b674011	2026-05-24 21:05:07.143969
52	drop-not-used-indexes-and-functions	5cc44c8696749ac11dd0dc37f2a3802075f3a171	2026-05-24 21:05:07.14609
53	drop-index-lower-name	d0cb18777d9e2a98ebe0bc5cc7a42e57ebe41854	2026-05-24 21:05:07.156904
54	drop-index-object-level	6289e048b1472da17c31a7eba1ded625a6457e67	2026-05-24 21:05:07.160475
55	prevent-direct-deletes	262a4798d5e0f2e7c8970232e03ce8be695d5819	2026-05-24 21:05:07.162621
56	fix-optimized-search-function	b823ed1e418101032fa01374edc9a436e54e3ed4	2026-05-24 21:05:07.169285
57	s3-multipart-uploads-metadata	f127886e00d1b374fadbc7c6b31e09336aad5287	2026-05-24 21:05:07.176547
58	operation-ergonomics	00ca5d483b3fe0d522133d9002ccc5df98365120	2026-05-24 21:05:07.181958
59	drop-unused-functions	38456f13e39691c2bbb4b5151d0d1cdbabd4a8c4	2026-05-24 21:05:07.187507
60	optimize-existing-functions-again	db35e1c91a9201e59f4fef8d972c2f277d68b157	2026-05-24 21:05:07.193831
\.


--
-- Data for Name: objects; Type: TABLE DATA; Schema: storage; Owner: supabase_storage_admin
--

COPY storage.objects (id, bucket_id, name, owner, created_at, updated_at, last_accessed_at, metadata, version, owner_id, user_metadata) FROM stdin;
85807506-b837-44d2-a12a-0a651aca4a50	item-photos	public/1780026343191.jpg	\N	2026-05-29 03:45:43.89652+00	2026-05-29 03:45:43.89652+00	2026-05-29 03:45:43.89652+00	{"eTag": "\\"01684ca50a85e1a30ca2c261b45466e9\\"", "size": 57334, "mimetype": "image/jpeg", "cacheControl": "max-age=3600", "lastModified": "2026-05-29T03:45:44.000Z", "contentLength": 57334, "httpStatusCode": 200}	4bc91b8a-6902-4b9c-b235-16f3d387efb4	\N	{}
d73756db-e6cf-4e6b-b6ec-237f4bde1252	item-photos	public/1780033012524.jpg	\N	2026-05-29 05:36:53.177924+00	2026-05-29 05:36:53.177924+00	2026-05-29 05:36:53.177924+00	{"eTag": "\\"b227df3e6e87ff04734262a5516c598f\\"", "size": 54087, "mimetype": "image/jpeg", "cacheControl": "max-age=3600", "lastModified": "2026-05-29T05:36:54.000Z", "contentLength": 54087, "httpStatusCode": 200}	a529b954-e334-4b85-a8af-3a8212b66832	\N	{}
6b47f98b-57e0-4a30-8810-e07af8c73136	item-photos	public/1780026344396.jpg	\N	2026-05-29 03:45:45.032469+00	2026-05-29 03:45:45.032469+00	2026-05-29 03:45:45.032469+00	{"eTag": "\\"69c7195d6c5bc2034e8487308dd88cef\\"", "size": 81813, "mimetype": "image/jpeg", "cacheControl": "max-age=3600", "lastModified": "2026-05-29T03:45:45.000Z", "contentLength": 81813, "httpStatusCode": 200}	1c090138-a24a-4eb5-9351-a91f933321a8	\N	{}
94ea3bb8-e069-4bdb-bb8d-33c0061d194b	item-photos	public/Item 11_thumbnail.jpg	\N	2026-05-28 09:40:27.291952+00	2026-05-28 09:40:27.291952+00	2026-05-28 09:40:27.291952+00	{"eTag": "\\"46f4885495c1ed7ca2dbfd4787b06bb6\\"", "size": 30667, "mimetype": "image/jpeg", "cacheControl": "max-age=3600", "lastModified": "2026-05-28T09:40:28.000Z", "contentLength": 30667, "httpStatusCode": 200}	bfee355a-8001-47c8-8275-2a4a28ee8e00	\N	{}
be8c1d30-9892-4724-a11f-c852a5e72378	item-photos	public/Item 12_thumbnail.jpg	\N	2026-05-28 09:42:54.955579+00	2026-05-28 09:42:54.955579+00	2026-05-28 09:42:54.955579+00	{"eTag": "\\"46f4885495c1ed7ca2dbfd4787b06bb6\\"", "size": 30667, "mimetype": "image/jpeg", "cacheControl": "max-age=3600", "lastModified": "2026-05-28T09:42:55.000Z", "contentLength": 30667, "httpStatusCode": 200}	b6efdd8c-9a91-4127-8e69-9e0e7fc0ab48	\N	{}
399dd603-70a4-454a-8aa9-2ebd96b2cdc8	item-photos	public/Item 13_thumbnail.jpg	\N	2026-05-28 09:45:30.548451+00	2026-05-28 09:45:30.548451+00	2026-05-28 09:45:30.548451+00	{"eTag": "\\"46f4885495c1ed7ca2dbfd4787b06bb6\\"", "size": 30667, "mimetype": "image/jpeg", "cacheControl": "max-age=3600", "lastModified": "2026-05-28T09:45:31.000Z", "contentLength": 30667, "httpStatusCode": 200}	82981911-b41a-40a0-b9a8-e451b71f9926	\N	{}
adcfea75-d7d8-46f4-ac35-487b0aa52cdd	item-photos	public/Asdfsa.jpg	\N	2026-05-29 02:44:17.073439+00	2026-05-29 02:44:17.073439+00	2026-05-29 02:44:17.073439+00	{"eTag": "\\"6a5ee99f31fe3b87e42e758f445aba58\\"", "size": 23593, "mimetype": "image/jpeg", "cacheControl": "max-age=3600", "lastModified": "2026-05-29T02:44:18.000Z", "contentLength": 23593, "httpStatusCode": 200}	8a224ecf-1a13-46c5-be70-e2a44adb036c	\N	{}
8e1d0f57-919d-4338-8914-02330fde2579	item-photos	public/1780023262045.jpg	\N	2026-05-29 02:54:22.718429+00	2026-05-29 02:54:22.718429+00	2026-05-29 02:54:22.718429+00	{"eTag": "\\"6a5ee99f31fe3b87e42e758f445aba58\\"", "size": 23593, "mimetype": "image/jpeg", "cacheControl": "max-age=3600", "lastModified": "2026-05-29T02:54:23.000Z", "contentLength": 23593, "httpStatusCode": 200}	3dabb739-ac57-4de8-8bc1-b32aad39e5fb	\N	{}
fe78f80b-d11a-4200-8352-8a6769236f95	item-photos	public/1780023464520.jpg	\N	2026-05-29 02:57:44.809059+00	2026-05-29 02:57:44.809059+00	2026-05-29 02:57:44.809059+00	{"eTag": "\\"6a5ee99f31fe3b87e42e758f445aba58\\"", "size": 23593, "mimetype": "image/jpeg", "cacheControl": "max-age=3600", "lastModified": "2026-05-29T02:57:45.000Z", "contentLength": 23593, "httpStatusCode": 200}	da7a7fe3-5c33-4d41-8221-42594c1c9406	\N	{}
5e038886-02e6-429b-aa71-9336b55099b3	item-photos	public/1780023507884.jpg	\N	2026-05-29 02:58:28.311955+00	2026-05-29 02:58:28.311955+00	2026-05-29 02:58:28.311955+00	{"eTag": "\\"6a5ee99f31fe3b87e42e758f445aba58\\"", "size": 23593, "mimetype": "image/jpeg", "cacheControl": "max-age=3600", "lastModified": "2026-05-29T02:58:29.000Z", "contentLength": 23593, "httpStatusCode": 200}	b979f57e-c336-4d1d-b18c-516cf95f98db	\N	{}
137c283c-2152-4a4e-bd3e-b53a32047d1f	item-photos	public/1780023508329.jpg	\N	2026-05-29 02:58:28.552298+00	2026-05-29 02:58:28.552298+00	2026-05-29 02:58:28.552298+00	{"eTag": "\\"6a5ee99f31fe3b87e42e758f445aba58\\"", "size": 23593, "mimetype": "image/jpeg", "cacheControl": "max-age=3600", "lastModified": "2026-05-29T02:58:29.000Z", "contentLength": 23593, "httpStatusCode": 200}	9b4121d1-5cfd-41af-bd1c-a33eaa9cba2b	\N	{}
8aac0a57-78a7-422b-a62c-93c46ccd14e0	item-photos	public/1780023521487.jpg	\N	2026-05-29 02:58:41.742582+00	2026-05-29 02:58:41.742582+00	2026-05-29 02:58:41.742582+00	{"eTag": "\\"6a5ee99f31fe3b87e42e758f445aba58\\"", "size": 23593, "mimetype": "image/jpeg", "cacheControl": "max-age=3600", "lastModified": "2026-05-29T02:58:42.000Z", "contentLength": 23593, "httpStatusCode": 200}	a1450f9d-c973-47ed-8a7c-716b34a885b7	\N	{}
14fb0d44-3764-4afb-93b6-210162e407e1	item-photos	public/1780023521765.jpg	\N	2026-05-29 02:58:42.034837+00	2026-05-29 02:58:42.034837+00	2026-05-29 02:58:42.034837+00	{"eTag": "\\"6a5ee99f31fe3b87e42e758f445aba58\\"", "size": 23593, "mimetype": "image/jpeg", "cacheControl": "max-age=3600", "lastModified": "2026-05-29T02:58:42.000Z", "contentLength": 23593, "httpStatusCode": 200}	4a72f319-0c0f-4620-8338-8158f0f68c04	\N	{}
743a1aa1-3471-4974-b790-7803cf98313a	item-photos	public/1780023540246.jpg	\N	2026-05-29 02:59:00.496551+00	2026-05-29 02:59:00.496551+00	2026-05-29 02:59:00.496551+00	{"eTag": "\\"6a5ee99f31fe3b87e42e758f445aba58\\"", "size": 23593, "mimetype": "image/jpeg", "cacheControl": "max-age=3600", "lastModified": "2026-05-29T02:59:01.000Z", "contentLength": 23593, "httpStatusCode": 200}	7b24cd11-1467-4ba0-84af-b3f4118e6b42	\N	{}
94ae8f87-425c-4998-a365-cacfa1829054	item-photos	public/1780023776243.jpg	\N	2026-05-29 03:02:56.722769+00	2026-05-29 03:02:56.722769+00	2026-05-29 03:02:56.722769+00	{"eTag": "\\"6a5ee99f31fe3b87e42e758f445aba58\\"", "size": 23593, "mimetype": "image/jpeg", "cacheControl": "max-age=3600", "lastModified": "2026-05-29T03:02:57.000Z", "contentLength": 23593, "httpStatusCode": 200}	685a4128-2b34-4dc7-a3be-f5b9f4c3e1e7	\N	{}
83f4befc-1a82-4182-857d-7e38858451ee	item-photos	public/1780023844667.jpg	\N	2026-05-29 03:04:05.136445+00	2026-05-29 03:04:05.136445+00	2026-05-29 03:04:05.136445+00	{"eTag": "\\"6a5ee99f31fe3b87e42e758f445aba58\\"", "size": 23593, "mimetype": "image/jpeg", "cacheControl": "max-age=3600", "lastModified": "2026-05-29T03:04:06.000Z", "contentLength": 23593, "httpStatusCode": 200}	a8b39f55-ffb2-434a-a139-efbf1f6f5318	\N	{}
3bffefe9-65e4-4275-9b66-75aab57a2348	item-photos	public/1780024025520.jpg	\N	2026-05-29 03:07:06.013205+00	2026-05-29 03:07:06.013205+00	2026-05-29 03:07:06.013205+00	{"eTag": "\\"6a5ee99f31fe3b87e42e758f445aba58\\"", "size": 23593, "mimetype": "image/jpeg", "cacheControl": "max-age=3600", "lastModified": "2026-05-29T03:07:06.000Z", "contentLength": 23593, "httpStatusCode": 200}	4107f697-7305-4998-a9f9-8d815d3d0d26	\N	{}
03cf2fd5-70ce-467a-b4dc-48c77901365d	item-photos	public/1780024134594.jpg	\N	2026-05-29 03:08:54.903178+00	2026-05-29 03:08:54.903178+00	2026-05-29 03:08:54.903178+00	{"eTag": "\\"6a5ee99f31fe3b87e42e758f445aba58\\"", "size": 23593, "mimetype": "image/jpeg", "cacheControl": "max-age=3600", "lastModified": "2026-05-29T03:08:55.000Z", "contentLength": 23593, "httpStatusCode": 200}	5bbc0a59-8e8f-4e95-8570-799b79971e41	\N	{}
6d3ee571-02e6-4bf5-b9a9-5c40dea76380	item-photos	public/1780026345246.jpg	\N	2026-05-29 03:45:45.531997+00	2026-05-29 03:45:45.531997+00	2026-05-29 03:45:45.531997+00	{"eTag": "\\"b227df3e6e87ff04734262a5516c598f\\"", "size": 54087, "mimetype": "image/jpeg", "cacheControl": "max-age=3600", "lastModified": "2026-05-29T03:45:46.000Z", "contentLength": 54087, "httpStatusCode": 200}	536bddd6-0597-41f3-aa93-6c65de99d8d9	\N	{}
a78fab92-be99-4ab2-9ebb-5577832b77ee	item-photos	public/1780024216406.jpg	\N	2026-05-29 03:10:16.739298+00	2026-05-29 03:10:16.739298+00	2026-05-29 03:10:16.739298+00	{"eTag": "\\"6a5ee99f31fe3b87e42e758f445aba58\\"", "size": 23593, "mimetype": "image/jpeg", "cacheControl": "max-age=3600", "lastModified": "2026-05-29T03:10:17.000Z", "contentLength": 23593, "httpStatusCode": 200}	7be0d808-74b1-4f73-a9e5-f87c95b56feb	\N	{}
2191646e-9e7e-44bc-ab6e-4e379e167338	item-photos	public/01780033013415.jpg	\N	2026-05-29 05:36:54.17751+00	2026-05-29 05:36:54.17751+00	2026-05-29 05:36:54.17751+00	{"eTag": "\\"0b22c483b6651017b5c54c37cd0e35d5\\"", "size": 51165, "mimetype": "image/jpeg", "cacheControl": "max-age=3600", "lastModified": "2026-05-29T05:36:55.000Z", "contentLength": 51165, "httpStatusCode": 200}	307667e1-e913-45b7-86b4-7416fd7bcc96	\N	{}
781a870f-b2e7-4467-b08d-44fff6493a69	item-photos	public/1780024295542.jpg	\N	2026-05-29 03:11:36.035735+00	2026-05-29 03:11:36.035735+00	2026-05-29 03:11:36.035735+00	{"eTag": "\\"6a5ee99f31fe3b87e42e758f445aba58\\"", "size": 23593, "mimetype": "image/jpeg", "cacheControl": "max-age=3600", "lastModified": "2026-05-29T03:11:36.000Z", "contentLength": 23593, "httpStatusCode": 200}	b6967d62-c395-44d7-9052-68fe4865e116	\N	{}
5652570b-74ef-4484-a80d-3239b0e9568a	item-photos	public/1780026345880.jpg	\N	2026-05-29 03:45:46.165969+00	2026-05-29 03:45:46.165969+00	2026-05-29 03:45:46.165969+00	{"eTag": "\\"0b22c483b6651017b5c54c37cd0e35d5\\"", "size": 51165, "mimetype": "image/jpeg", "cacheControl": "max-age=3600", "lastModified": "2026-05-29T03:45:47.000Z", "contentLength": 51165, "httpStatusCode": 200}	8d931a5b-1ba9-445d-939d-9bb0ea16665f	\N	{}
f9637f17-9198-4316-a41a-d4728b82f497	item-photos	public/1780024323396.jpg	\N	2026-05-29 03:12:03.721648+00	2026-05-29 03:12:03.721648+00	2026-05-29 03:12:03.721648+00	{"eTag": "\\"6a5ee99f31fe3b87e42e758f445aba58\\"", "size": 23593, "mimetype": "image/jpeg", "cacheControl": "max-age=3600", "lastModified": "2026-05-29T03:12:04.000Z", "contentLength": 23593, "httpStatusCode": 200}	307e5591-2c7e-4899-bf38-cdede1b92a6c	\N	{}
c5fd268d-bca0-42e7-908f-3494f7f28206	item-photos	public/thumbnail_1780043008369.jpg	\N	2026-05-29 08:23:29.010322+00	2026-05-29 08:23:29.010322+00	2026-05-29 08:23:29.010322+00	{"eTag": "\\"6a5ee99f31fe3b87e42e758f445aba58\\"", "size": 23593, "mimetype": "image/jpeg", "cacheControl": "max-age=3600", "lastModified": "2026-05-29T08:23:29.000Z", "contentLength": 23593, "httpStatusCode": 200}	109de674-705d-4827-8722-d0ca8128dd50	\N	{}
5f8b6f8e-2417-4073-adfb-7962d7d37216	item-photos	public/1780024433334.jpg	\N	2026-05-29 03:13:53.832764+00	2026-05-29 03:13:53.832764+00	2026-05-29 03:13:53.832764+00	{"eTag": "\\"6a5ee99f31fe3b87e42e758f445aba58\\"", "size": 23593, "mimetype": "image/jpeg", "cacheControl": "max-age=3600", "lastModified": "2026-05-29T03:13:54.000Z", "contentLength": 23593, "httpStatusCode": 200}	948c2902-8f74-40ab-85e0-42875ae9633f	\N	{}
da780c5e-064f-4128-b7be-ead20cdc2d77	item-photos	public/1780026346621.jpg	\N	2026-05-29 03:45:46.893311+00	2026-05-29 03:45:46.893311+00	2026-05-29 03:45:46.893311+00	{"eTag": "\\"4a627a32e55195cd6aea4ff7d1211713\\"", "size": 43537, "mimetype": "image/jpeg", "cacheControl": "max-age=3600", "lastModified": "2026-05-29T03:45:47.000Z", "contentLength": 43537, "httpStatusCode": 200}	24a9beb1-f345-41fd-baff-af4bf5454e64	\N	{}
5e6fcc4c-f982-4543-be51-2aeb1d64ed52	item-photos	public/1780025389383.jpg	\N	2026-05-29 03:29:50.126238+00	2026-05-29 03:29:50.126238+00	2026-05-29 03:29:50.126238+00	{"eTag": "\\"6a5ee99f31fe3b87e42e758f445aba58\\"", "size": 23593, "mimetype": "image/jpeg", "cacheControl": "max-age=3600", "lastModified": "2026-05-29T03:29:51.000Z", "contentLength": 23593, "httpStatusCode": 200}	e7a13be7-4fe3-47f9-b34d-3eab9146c40c	\N	{}
10e063f5-8928-4ca7-af3d-cb4b4bee23af	item-photos	public/1780025409319.jpg	\N	2026-05-29 03:30:09.599908+00	2026-05-29 03:30:09.599908+00	2026-05-29 03:30:09.599908+00	{"eTag": "\\"6a5ee99f31fe3b87e42e758f445aba58\\"", "size": 23593, "mimetype": "image/jpeg", "cacheControl": "max-age=3600", "lastModified": "2026-05-29T03:30:10.000Z", "contentLength": 23593, "httpStatusCode": 200}	0a2879f7-25bb-4f9c-b757-be1d0a0c3e4c	\N	{}
9d74f8d8-b1d7-497f-acf1-bd856789227c	item-photos	public/1780026743166.jpg	\N	2026-05-29 03:52:23.778079+00	2026-05-29 03:52:23.778079+00	2026-05-29 03:52:23.778079+00	{"eTag": "\\"4a627a32e55195cd6aea4ff7d1211713\\"", "size": 43537, "mimetype": "image/jpeg", "cacheControl": "max-age=3600", "lastModified": "2026-05-29T03:52:24.000Z", "contentLength": 43537, "httpStatusCode": 200}	c65905d4-a12e-4f7a-ba05-69498f6cdb78	\N	{}
0a9b0e6c-868e-4aa6-a957-fe51ef52e066	item-photos	public/1780025424090.jpg	\N	2026-05-29 03:30:24.371384+00	2026-05-29 03:30:24.371384+00	2026-05-29 03:30:24.371384+00	{"eTag": "\\"6a5ee99f31fe3b87e42e758f445aba58\\"", "size": 23593, "mimetype": "image/jpeg", "cacheControl": "max-age=3600", "lastModified": "2026-05-29T03:30:25.000Z", "contentLength": 23593, "httpStatusCode": 200}	3d09c226-ce88-409f-85a2-519fe87966f9	\N	{}
ef5dd24f-4907-4424-873e-9ea8b6a416fe	item-photos	public/1780025497733.jpg	\N	2026-05-29 03:31:38.05694+00	2026-05-29 03:31:38.05694+00	2026-05-29 03:31:38.05694+00	{"eTag": "\\"6a5ee99f31fe3b87e42e758f445aba58\\"", "size": 23593, "mimetype": "image/jpeg", "cacheControl": "max-age=3600", "lastModified": "2026-05-29T03:31:39.000Z", "contentLength": 23593, "httpStatusCode": 200}	65f9cd3f-dde6-4f70-b4ce-4f4884148dfd	\N	{}
e24fede2-2bb5-47da-b3b2-eb157222e32e	item-photos	public/1780025513721.jpg	\N	2026-05-29 03:31:53.983595+00	2026-05-29 03:31:53.983595+00	2026-05-29 03:31:53.983595+00	{"eTag": "\\"6a5ee99f31fe3b87e42e758f445aba58\\"", "size": 23593, "mimetype": "image/jpeg", "cacheControl": "max-age=3600", "lastModified": "2026-05-29T03:31:54.000Z", "contentLength": 23593, "httpStatusCode": 200}	0d7b5a4b-b3bc-4531-abf9-8893c663429f	\N	{}
797717f1-bcdf-42bc-874d-d472b102a346	item-photos	public/1780025534513.jpg	\N	2026-05-29 03:32:14.777557+00	2026-05-29 03:32:14.777557+00	2026-05-29 03:32:14.777557+00	{"eTag": "\\"6a5ee99f31fe3b87e42e758f445aba58\\"", "size": 23593, "mimetype": "image/jpeg", "cacheControl": "max-age=3600", "lastModified": "2026-05-29T03:32:15.000Z", "contentLength": 23593, "httpStatusCode": 200}	5c9be254-eb6d-4b7d-81af-59bf877edb9c	\N	{}
cd4e30a6-106c-4c95-9e3b-0b4d65c44947	item-photos	public/1780025976540.jpg	\N	2026-05-29 03:39:37.228147+00	2026-05-29 03:39:37.228147+00	2026-05-29 03:39:37.228147+00	{"eTag": "\\"6a5ee99f31fe3b87e42e758f445aba58\\"", "size": 23593, "mimetype": "image/jpeg", "cacheControl": "max-age=3600", "lastModified": "2026-05-29T03:39:38.000Z", "contentLength": 23593, "httpStatusCode": 200}	83c39987-e959-4d41-85e8-c2cf11122dd0	\N	{}
2f9e19e2-8d8a-4dc0-ba20-df8b209d4310	item-photos	public/11780033014468.jpg	\N	2026-05-29 05:36:54.827162+00	2026-05-29 05:36:54.827162+00	2026-05-29 05:36:54.827162+00	{"eTag": "\\"4a627a32e55195cd6aea4ff7d1211713\\"", "size": 43537, "mimetype": "image/jpeg", "cacheControl": "max-age=3600", "lastModified": "2026-05-29T05:36:55.000Z", "contentLength": 43537, "httpStatusCode": 200}	735a9f1a-b56c-4ed9-8901-1f78c7ed63fb	\N	{}
6b0baefd-a160-44dc-bea3-9346fc514900	item-photos	public/1780025977624.jpg	\N	2026-05-29 03:39:37.920165+00	2026-05-29 03:39:37.920165+00	2026-05-29 03:39:37.920165+00	{"eTag": "\\"01684ca50a85e1a30ca2c261b45466e9\\"", "size": 57334, "mimetype": "image/jpeg", "cacheControl": "max-age=3600", "lastModified": "2026-05-29T03:39:38.000Z", "contentLength": 57334, "httpStatusCode": 200}	0c3b819b-d056-4ed7-b006-cf605d185a2b	\N	{}
aa69d13c-a189-491d-96c4-8b6ef34ed307	item-photos	public/1780026708602.jpg	\N	2026-05-29 03:51:49.29223+00	2026-05-29 03:51:49.29223+00	2026-05-29 03:51:49.29223+00	{"eTag": "\\"6a5ee99f31fe3b87e42e758f445aba58\\"", "size": 23593, "mimetype": "image/jpeg", "cacheControl": "max-age=3600", "lastModified": "2026-05-29T03:51:50.000Z", "contentLength": 23593, "httpStatusCode": 200}	862dfa80-ebef-4c86-b5a2-dd1d861a119e	\N	{}
c596e60a-6cf3-4189-8ad3-7a1ad7e8e55a	item-photos	public/1780026031950.jpg	\N	2026-05-29 03:40:32.269892+00	2026-05-29 03:40:32.269892+00	2026-05-29 03:40:32.269892+00	{"eTag": "\\"6a5ee99f31fe3b87e42e758f445aba58\\"", "size": 23593, "mimetype": "image/jpeg", "cacheControl": "max-age=3600", "lastModified": "2026-05-29T03:40:33.000Z", "contentLength": 23593, "httpStatusCode": 200}	f61eaab0-362a-4466-9e61-6921a5ed1106	\N	{}
f475f746-ed1f-4cec-95b0-8edd54c6274a	item-photos	public/1780026032805.jpg	\N	2026-05-29 03:40:33.169744+00	2026-05-29 03:40:33.169744+00	2026-05-29 03:40:33.169744+00	{"eTag": "\\"69c7195d6c5bc2034e8487308dd88cef\\"", "size": 81813, "mimetype": "image/jpeg", "cacheControl": "max-age=3600", "lastModified": "2026-05-29T03:40:34.000Z", "contentLength": 81813, "httpStatusCode": 200}	6763ca79-020b-4174-9dce-49a341811df8	\N	{}
64e69930-1c7b-4667-b562-59e4469f2d40	item-photos	public/1780026709888.jpg	\N	2026-05-29 03:51:50.364511+00	2026-05-29 03:51:50.364511+00	2026-05-29 03:51:50.364511+00	{"eTag": "\\"69c7195d6c5bc2034e8487308dd88cef\\"", "size": 81813, "mimetype": "image/jpeg", "cacheControl": "max-age=3600", "lastModified": "2026-05-29T03:51:51.000Z", "contentLength": 81813, "httpStatusCode": 200}	c8c6385f-c11c-4487-bc0c-cbe0b64f461f	\N	{}
ce49e578-a0bf-4974-9a8f-e737380e0c4c	item-photos	public/1780026033383.jpg	\N	2026-05-29 03:40:33.707565+00	2026-05-29 03:40:33.707565+00	2026-05-29 03:40:33.707565+00	{"eTag": "\\"b227df3e6e87ff04734262a5516c598f\\"", "size": 54087, "mimetype": "image/jpeg", "cacheControl": "max-age=3600", "lastModified": "2026-05-29T03:40:34.000Z", "contentLength": 54087, "httpStatusCode": 200}	9255c477-5a2c-4fac-bf03-e18cabfd6e8d	\N	{}
9ada1785-893a-4cd0-acb4-a6ed922a516d	item-photos	public/21780033015031.jpg	\N	2026-05-29 05:36:55.513312+00	2026-05-29 05:36:55.513312+00	2026-05-29 05:36:55.513312+00	{"eTag": "\\"6bef22fffcacf2cdcda635e6b9c6084d\\"", "size": 41134, "mimetype": "image/jpeg", "cacheControl": "max-age=3600", "lastModified": "2026-05-29T05:36:56.000Z", "contentLength": 41134, "httpStatusCode": 200}	96039727-67d4-4314-ade7-b1436fffd34c	\N	{}
ed86940b-6ae0-45a4-bc1f-da7bc99a817f	item-photos	public/1780026034056.jpg	\N	2026-05-29 03:40:34.54919+00	2026-05-29 03:40:34.54919+00	2026-05-29 03:40:34.54919+00	{"eTag": "\\"0b22c483b6651017b5c54c37cd0e35d5\\"", "size": 51165, "mimetype": "image/jpeg", "cacheControl": "max-age=3600", "lastModified": "2026-05-29T03:40:35.000Z", "contentLength": 51165, "httpStatusCode": 200}	b46a1ac3-9f3a-4085-a4cd-9638292d3d5f	\N	{}
47f64435-ba54-467d-ab11-789618eaa0a5	item-photos	public/1780026710836.jpg	\N	2026-05-29 03:51:51.166798+00	2026-05-29 03:51:51.166798+00	2026-05-29 03:51:51.166798+00	{"eTag": "\\"b227df3e6e87ff04734262a5516c598f\\"", "size": 54087, "mimetype": "image/jpeg", "cacheControl": "max-age=3600", "lastModified": "2026-05-29T03:51:52.000Z", "contentLength": 54087, "httpStatusCode": 200}	49f1a67f-d38e-4c2e-8c00-08ae1d3697e8	\N	{}
206f98b2-8d54-44f5-b018-7870af848348	item-photos	public/1780026035054.jpg	\N	2026-05-29 03:40:35.330606+00	2026-05-29 03:40:35.330606+00	2026-05-29 03:40:35.330606+00	{"eTag": "\\"4a627a32e55195cd6aea4ff7d1211713\\"", "size": 43537, "mimetype": "image/jpeg", "cacheControl": "max-age=3600", "lastModified": "2026-05-29T03:40:36.000Z", "contentLength": 43537, "httpStatusCode": 200}	9fbe28c4-94ea-4a1f-aad4-fdabc40fc09b	\N	{}
9dd9c8c2-d218-4e5f-9c5a-8c0ee804ff7b	item-photos	public/1780026093901.jpg	\N	2026-05-29 03:41:34.322131+00	2026-05-29 03:41:34.322131+00	2026-05-29 03:41:34.322131+00	{"eTag": "\\"6a5ee99f31fe3b87e42e758f445aba58\\"", "size": 23593, "mimetype": "image/jpeg", "cacheControl": "max-age=3600", "lastModified": "2026-05-29T03:41:35.000Z", "contentLength": 23593, "httpStatusCode": 200}	99d5994e-e107-496f-a9fb-ae814a6f7c4e	\N	{}
bcf52a1f-1746-4cac-abd3-4a3997714fcf	item-photos	public/1780026711616.jpg	\N	2026-05-29 03:51:51.887791+00	2026-05-29 03:51:51.887791+00	2026-05-29 03:51:51.887791+00	{"eTag": "\\"0b22c483b6651017b5c54c37cd0e35d5\\"", "size": 51165, "mimetype": "image/jpeg", "cacheControl": "max-age=3600", "lastModified": "2026-05-29T03:51:52.000Z", "contentLength": 51165, "httpStatusCode": 200}	860b4d4c-c7dd-40eb-9c3f-a87a2f8eed33	\N	{}
b2177f76-51d1-4878-9dc7-e9f88e7241c4	item-photos	public/1780026094792.jpg	\N	2026-05-29 03:41:35.410162+00	2026-05-29 03:41:35.410162+00	2026-05-29 03:41:35.410162+00	{"eTag": "\\"69c7195d6c5bc2034e8487308dd88cef\\"", "size": 81813, "mimetype": "image/jpeg", "cacheControl": "max-age=3600", "lastModified": "2026-05-29T03:41:36.000Z", "contentLength": 81813, "httpStatusCode": 200}	666d0477-2a27-4732-81d5-23cc2bf1cd19	\N	{}
4cf3d3c2-9301-46fd-9b7b-1122af862837	item-photos	public/1780026095597.jpg	\N	2026-05-29 03:41:35.8582+00	2026-05-29 03:41:35.8582+00	2026-05-29 03:41:35.8582+00	{"eTag": "\\"b227df3e6e87ff04734262a5516c598f\\"", "size": 54087, "mimetype": "image/jpeg", "cacheControl": "max-age=3600", "lastModified": "2026-05-29T03:41:36.000Z", "contentLength": 54087, "httpStatusCode": 200}	a0e41a31-4456-4def-8403-1d014e516bb9	\N	{}
ba7f0214-cdd6-4ee8-bd4a-0786313fd2b6	item-photos	public/1780026096167.jpg	\N	2026-05-29 03:41:36.435674+00	2026-05-29 03:41:36.435674+00	2026-05-29 03:41:36.435674+00	{"eTag": "\\"0b22c483b6651017b5c54c37cd0e35d5\\"", "size": 51165, "mimetype": "image/jpeg", "cacheControl": "max-age=3600", "lastModified": "2026-05-29T03:41:37.000Z", "contentLength": 51165, "httpStatusCode": 200}	2022525c-cb72-4b7c-a188-46c587dda217	\N	{}
031a8828-6436-4216-9ee0-b43f1b5ef142	item-photos	public/1780026096888.jpg	\N	2026-05-29 03:41:37.142256+00	2026-05-29 03:41:37.142256+00	2026-05-29 03:41:37.142256+00	{"eTag": "\\"4a627a32e55195cd6aea4ff7d1211713\\"", "size": 43537, "mimetype": "image/jpeg", "cacheControl": "max-age=3600", "lastModified": "2026-05-29T03:41:38.000Z", "contentLength": 43537, "httpStatusCode": 200}	c34e9a2f-63ca-4151-a574-647a924c1c1f	\N	{}
75cef9bf-19d6-41cb-a82d-73079487fc9b	item-photos	public/1780026712446.jpg	\N	2026-05-29 03:51:52.709135+00	2026-05-29 03:51:52.709135+00	2026-05-29 03:51:52.709135+00	{"eTag": "\\"4a627a32e55195cd6aea4ff7d1211713\\"", "size": 43537, "mimetype": "image/jpeg", "cacheControl": "max-age=3600", "lastModified": "2026-05-29T03:51:53.000Z", "contentLength": 43537, "httpStatusCode": 200}	f585c931-96a7-47a3-ad46-036b44adbcbd	\N	{}
a82db15c-5f22-46b6-bd61-79b09a87d45b	item-photos	public/1780026156336.jpg	\N	2026-05-29 03:42:36.684831+00	2026-05-29 03:42:36.684831+00	2026-05-29 03:42:36.684831+00	{"eTag": "\\"6a5ee99f31fe3b87e42e758f445aba58\\"", "size": 23593, "mimetype": "image/jpeg", "cacheControl": "max-age=3600", "lastModified": "2026-05-29T03:42:37.000Z", "contentLength": 23593, "httpStatusCode": 200}	059d3cde-384d-4353-8a98-cc47a80df7df	\N	{}
04744b68-7320-4144-af6b-bd6c323d42ff	item-photos	public/1780026744266.jpg	\N	2026-05-29 03:52:24.624881+00	2026-05-29 03:52:24.624881+00	2026-05-29 03:52:24.624881+00	{"eTag": "\\"69c7195d6c5bc2034e8487308dd88cef\\"", "size": 81813, "mimetype": "image/jpeg", "cacheControl": "max-age=3600", "lastModified": "2026-05-29T03:52:25.000Z", "contentLength": 81813, "httpStatusCode": 200}	65bb5311-cf9d-4907-99f0-e8e512c0ab6d	\N	{}
5cc613a4-3523-4a80-bfc8-97a257961d87	item-photos	public/1780026157289.jpg	\N	2026-05-29 03:42:37.658284+00	2026-05-29 03:42:37.658284+00	2026-05-29 03:42:37.658284+00	{"eTag": "\\"69c7195d6c5bc2034e8487308dd88cef\\"", "size": 81813, "mimetype": "image/jpeg", "cacheControl": "max-age=3600", "lastModified": "2026-05-29T03:42:38.000Z", "contentLength": 81813, "httpStatusCode": 200}	4b1f58c5-cf85-4066-97bb-2f44b1732af2	\N	{}
3d1e7be2-ee2d-4c62-9cca-e8e6a94931c9	item-photos	public/1780026157959.jpg	\N	2026-05-29 03:42:38.244788+00	2026-05-29 03:42:38.244788+00	2026-05-29 03:42:38.244788+00	{"eTag": "\\"b227df3e6e87ff04734262a5516c598f\\"", "size": 54087, "mimetype": "image/jpeg", "cacheControl": "max-age=3600", "lastModified": "2026-05-29T03:42:39.000Z", "contentLength": 54087, "httpStatusCode": 200}	9625cb9d-af2a-42a0-8b56-21d0938a8eac	\N	{}
dbde2253-d838-4936-b1fd-f009cc673d65	item-photos	public/1780026744785.jpg	\N	2026-05-29 03:52:25.084145+00	2026-05-29 03:52:25.084145+00	2026-05-29 03:52:25.084145+00	{"eTag": "\\"b227df3e6e87ff04734262a5516c598f\\"", "size": 54087, "mimetype": "image/jpeg", "cacheControl": "max-age=3600", "lastModified": "2026-05-29T03:52:26.000Z", "contentLength": 54087, "httpStatusCode": 200}	f932303e-052e-4979-8e34-6df41d495751	\N	{}
80717b17-55c1-413a-ae36-b1f695f95e3c	item-photos	public/1780026158566.jpg	\N	2026-05-29 03:42:38.875381+00	2026-05-29 03:42:38.875381+00	2026-05-29 03:42:38.875381+00	{"eTag": "\\"0b22c483b6651017b5c54c37cd0e35d5\\"", "size": 51165, "mimetype": "image/jpeg", "cacheControl": "max-age=3600", "lastModified": "2026-05-29T03:42:39.000Z", "contentLength": 51165, "httpStatusCode": 200}	9d0ae2e2-53dd-4e60-8b6c-6d1b994271e4	\N	{}
f02aca64-bb0e-4293-8bfb-8bc4a1700c5f	item-photos	public/1780033213455.jpg	\N	2026-05-29 05:40:14.260254+00	2026-05-29 05:40:14.260254+00	2026-05-29 05:40:14.260254+00	{"eTag": "\\"6a5ee99f31fe3b87e42e758f445aba58\\"", "size": 23593, "mimetype": "image/jpeg", "cacheControl": "max-age=3600", "lastModified": "2026-05-29T05:40:15.000Z", "contentLength": 23593, "httpStatusCode": 200}	a060272f-761b-4c72-834d-46cfaa831e5d	\N	{}
2ce41b39-7996-463b-bb08-2c2d27dbb5ff	item-photos	public/1780026159287.jpg	\N	2026-05-29 03:42:39.543517+00	2026-05-29 03:42:39.543517+00	2026-05-29 03:42:39.543517+00	{"eTag": "\\"4a627a32e55195cd6aea4ff7d1211713\\"", "size": 43537, "mimetype": "image/jpeg", "cacheControl": "max-age=3600", "lastModified": "2026-05-29T03:42:40.000Z", "contentLength": 43537, "httpStatusCode": 200}	deb18e37-f922-4a96-a468-5d47a7813d19	\N	{}
1855f5e0-0752-4b3e-9a19-52ea05e52428	item-photos	public/1780026745343.jpg	\N	2026-05-29 03:52:25.625603+00	2026-05-29 03:52:25.625603+00	2026-05-29 03:52:25.625603+00	{"eTag": "\\"6bef22fffcacf2cdcda635e6b9c6084d\\"", "size": 41134, "mimetype": "image/jpeg", "cacheControl": "max-age=3600", "lastModified": "2026-05-29T03:52:26.000Z", "contentLength": 41134, "httpStatusCode": 200}	dbf0a390-a788-4aa2-bf00-a849ae777ceb	\N	{}
743d0d3f-9354-4975-a8ae-9eca46182680	item-photos	public/1780026200746.jpg	\N	2026-05-29 03:43:21.046112+00	2026-05-29 03:43:21.046112+00	2026-05-29 03:43:21.046112+00	{"eTag": "\\"6a5ee99f31fe3b87e42e758f445aba58\\"", "size": 23593, "mimetype": "image/jpeg", "cacheControl": "max-age=3600", "lastModified": "2026-05-29T03:43:21.000Z", "contentLength": 23593, "httpStatusCode": 200}	e1ea0baa-2ac7-462b-9ebe-340e61e3ca5b	\N	{}
dcb1b64b-23ff-4a91-b9fb-6d571fa799b8	item-photos	public/1780026201642.jpg	\N	2026-05-29 03:43:21.992625+00	2026-05-29 03:43:21.992625+00	2026-05-29 03:43:21.992625+00	{"eTag": "\\"69c7195d6c5bc2034e8487308dd88cef\\"", "size": 81813, "mimetype": "image/jpeg", "cacheControl": "max-age=3600", "lastModified": "2026-05-29T03:43:22.000Z", "contentLength": 81813, "httpStatusCode": 200}	406c5ece-8490-426c-bd25-7ed003a3b1d7	\N	{}
d6a859a6-b557-467b-82e7-4e610a964eee	item-photos	public/1780026746639.jpg	\N	2026-05-29 03:52:26.997128+00	2026-05-29 03:52:26.997128+00	2026-05-29 03:52:26.997128+00	{"eTag": "\\"e6784a2d011efd59e861b3df069b0a67\\"", "size": 99247, "mimetype": "image/png", "cacheControl": "max-age=3600", "lastModified": "2026-05-29T03:52:27.000Z", "contentLength": 99247, "httpStatusCode": 200}	e0ea6100-ac5d-41a1-ba9c-8f0b57bb677b	\N	{}
c2796cce-f041-4a59-ba1b-1c05ff02a057	item-photos	public/1780026202174.jpg	\N	2026-05-29 03:43:22.437821+00	2026-05-29 03:43:22.437821+00	2026-05-29 03:43:22.437821+00	{"eTag": "\\"b227df3e6e87ff04734262a5516c598f\\"", "size": 54087, "mimetype": "image/jpeg", "cacheControl": "max-age=3600", "lastModified": "2026-05-29T03:43:23.000Z", "contentLength": 54087, "httpStatusCode": 200}	a6e7fe8e-ec8f-4f37-b49a-bffb6074b7eb	\N	{}
556948f7-4651-43fe-acda-71ae662641ea	item-photos	public/1780026202773.jpg	\N	2026-05-29 03:43:23.0525+00	2026-05-29 03:43:23.0525+00	2026-05-29 03:43:23.0525+00	{"eTag": "\\"0b22c483b6651017b5c54c37cd0e35d5\\"", "size": 51165, "mimetype": "image/jpeg", "cacheControl": "max-age=3600", "lastModified": "2026-05-29T03:43:24.000Z", "contentLength": 51165, "httpStatusCode": 200}	7ed4bfcd-162b-4040-8e0c-fb1c4ab952c7	\N	{}
385c172c-2bb3-4750-87f2-d762c05a891f	item-photos	public/1780026203524.jpg	\N	2026-05-29 03:43:23.792034+00	2026-05-29 03:43:23.792034+00	2026-05-29 03:43:23.792034+00	{"eTag": "\\"4a627a32e55195cd6aea4ff7d1211713\\"", "size": 43537, "mimetype": "image/jpeg", "cacheControl": "max-age=3600", "lastModified": "2026-05-29T03:43:24.000Z", "contentLength": 43537, "httpStatusCode": 200}	7b45c989-2d99-4604-999d-5b565165a765	\N	{}
4674ea0f-6b35-490a-a26a-5a4c83564de5	item-photos	public/thumbnail_1780043008606.jpg	\N	2026-05-29 08:23:29.155821+00	2026-05-29 08:23:29.155821+00	2026-05-29 08:23:29.155821+00	{"eTag": "\\"6a5ee99f31fe3b87e42e758f445aba58\\"", "size": 23593, "mimetype": "image/jpeg", "cacheControl": "max-age=3600", "lastModified": "2026-05-29T08:23:30.000Z", "contentLength": 23593, "httpStatusCode": 200}	7608d971-6e36-4841-907d-c0efd6ba3fbb	\N	{}
db54ca06-6860-49ed-9894-956d039e04e9	item-photos	public/1780026818486.jpg	\N	2026-05-29 03:53:38.814148+00	2026-05-29 03:53:38.814148+00	2026-05-29 03:53:38.814148+00	{"eTag": "\\"6a5ee99f31fe3b87e42e758f445aba58\\"", "size": 23593, "mimetype": "image/jpeg", "cacheControl": "max-age=3600", "lastModified": "2026-05-29T03:53:39.000Z", "contentLength": 23593, "httpStatusCode": 200}	1f6f71c6-0760-4c5f-b15a-b83d32662998	\N	{}
9e2f2683-e7d1-4d1a-bef5-394b794226f3	item-photos	public/01780033214451.jpg	\N	2026-05-29 05:40:14.779496+00	2026-05-29 05:40:14.779496+00	2026-05-29 05:40:14.779496+00	{"eTag": "\\"b227df3e6e87ff04734262a5516c598f\\"", "size": 54087, "mimetype": "image/jpeg", "cacheControl": "max-age=3600", "lastModified": "2026-05-29T05:40:15.000Z", "contentLength": 54087, "httpStatusCode": 200}	5f164b69-edf0-41f8-9a34-bf131e13d9ab	\N	{}
83fb6b43-99f9-48d6-ae86-6b39bd776fb5	item-photos	public/1780026819363.jpg	\N	2026-05-29 03:53:39.727124+00	2026-05-29 03:53:39.727124+00	2026-05-29 03:53:39.727124+00	{"eTag": "\\"69c7195d6c5bc2034e8487308dd88cef\\"", "size": 81813, "mimetype": "image/jpeg", "cacheControl": "max-age=3600", "lastModified": "2026-05-29T03:53:40.000Z", "contentLength": 81813, "httpStatusCode": 200}	8ae109d4-e5ad-45b9-b966-660d13f17a1b	\N	{}
e0c0191d-5ecc-4659-ab34-7ab55715e9e5	item-photos	public/1780026819902.jpg	\N	2026-05-29 03:53:40.180418+00	2026-05-29 03:53:40.180418+00	2026-05-29 03:53:40.180418+00	{"eTag": "\\"b227df3e6e87ff04734262a5516c598f\\"", "size": 54087, "mimetype": "image/jpeg", "cacheControl": "max-age=3600", "lastModified": "2026-05-29T03:53:41.000Z", "contentLength": 54087, "httpStatusCode": 200}	8530d619-89c4-4e9c-a9b7-8ef95fb1ae55	\N	{}
8da78b7a-2f3b-4ac8-aca1-4cd244e27228	item-photos	public/11780033215018.jpg	\N	2026-05-29 05:40:15.419046+00	2026-05-29 05:40:15.419046+00	2026-05-29 05:40:15.419046+00	{"eTag": "\\"0b22c483b6651017b5c54c37cd0e35d5\\"", "size": 51165, "mimetype": "image/jpeg", "cacheControl": "max-age=3600", "lastModified": "2026-05-29T05:40:16.000Z", "contentLength": 51165, "httpStatusCode": 200}	a40b7b1d-f16a-4820-bbc5-023fa3011ba4	\N	{}
c6b6afdf-46e2-44c9-842f-3c3c141e6c78	item-photos	public/1780026820482.jpg	\N	2026-05-29 03:53:40.817253+00	2026-05-29 03:53:40.817253+00	2026-05-29 03:53:40.817253+00	{"eTag": "\\"0b22c483b6651017b5c54c37cd0e35d5\\"", "size": 51165, "mimetype": "image/jpeg", "cacheControl": "max-age=3600", "lastModified": "2026-05-29T03:53:41.000Z", "contentLength": 51165, "httpStatusCode": 200}	b3755789-6701-4f32-8a3f-afeb9ba808a8	\N	{}
a20303d4-b68e-47c1-952a-3bbd96dde66d	item-photos	public/thumbnail_1780043008760.jpg	\N	2026-05-29 08:23:29.337547+00	2026-05-29 08:23:29.337547+00	2026-05-29 08:23:29.337547+00	{"eTag": "\\"6a5ee99f31fe3b87e42e758f445aba58\\"", "size": 23593, "mimetype": "image/jpeg", "cacheControl": "max-age=3600", "lastModified": "2026-05-29T08:23:30.000Z", "contentLength": 23593, "httpStatusCode": 200}	e902b8ac-1033-4fc6-a819-11991e1b2203	\N	{}
f62889e9-419a-435d-b59e-d99fa1b049c4	item-photos	public/1780026821223.jpg	\N	2026-05-29 03:53:41.492104+00	2026-05-29 03:53:41.492104+00	2026-05-29 03:53:41.492104+00	{"eTag": "\\"4a627a32e55195cd6aea4ff7d1211713\\"", "size": 43537, "mimetype": "image/jpeg", "cacheControl": "max-age=3600", "lastModified": "2026-05-29T03:53:42.000Z", "contentLength": 43537, "httpStatusCode": 200}	22919f27-646f-4f17-8573-3c56bec62c0c	\N	{}
6ed17aec-47d4-485c-976a-325a6d372d94	item-photos	public/21780033215703.jpg	\N	2026-05-29 05:40:16.063427+00	2026-05-29 05:40:16.063427+00	2026-05-29 05:40:16.063427+00	{"eTag": "\\"4a627a32e55195cd6aea4ff7d1211713\\"", "size": 43537, "mimetype": "image/jpeg", "cacheControl": "max-age=3600", "lastModified": "2026-05-29T05:40:17.000Z", "contentLength": 43537, "httpStatusCode": 200}	a95b4caf-cd5b-4417-a6d2-0034f1d62146	\N	{}
755fb2cc-82c9-4bd2-8afb-9120de348df8	item-photos	public/1780026902728.jpg	\N	2026-05-29 03:55:03.113698+00	2026-05-29 03:55:03.113698+00	2026-05-29 03:55:03.113698+00	{"eTag": "\\"4a627a32e55195cd6aea4ff7d1211713\\"", "size": 43537, "mimetype": "image/jpeg", "cacheControl": "max-age=3600", "lastModified": "2026-05-29T03:55:04.000Z", "contentLength": 43537, "httpStatusCode": 200}	7b2fece4-4fa4-4b25-bf1a-c5a46a6652fc	\N	{}
0dd17b5b-c085-46d5-a1d3-e04e7b3c88fd	item-photos	public/1780026903676.jpg	\N	2026-05-29 03:55:04.049557+00	2026-05-29 03:55:04.049557+00	2026-05-29 03:55:04.049557+00	{"eTag": "\\"69c7195d6c5bc2034e8487308dd88cef\\"", "size": 81813, "mimetype": "image/jpeg", "cacheControl": "max-age=3600", "lastModified": "2026-05-29T03:55:05.000Z", "contentLength": 81813, "httpStatusCode": 200}	02bb3a88-b284-46ee-96d3-6d8b506b440e	\N	{}
834a01e9-447c-461c-b682-f25281ceb0ed	item-photos	public/31780033216259.jpg	\N	2026-05-29 05:40:16.675425+00	2026-05-29 05:40:16.675425+00	2026-05-29 05:40:16.675425+00	{"eTag": "\\"6bef22fffcacf2cdcda635e6b9c6084d\\"", "size": 41134, "mimetype": "image/jpeg", "cacheControl": "max-age=3600", "lastModified": "2026-05-29T05:40:17.000Z", "contentLength": 41134, "httpStatusCode": 200}	12ba02e8-9640-4078-b99e-0ec5f4ce655b	\N	{}
bda8f9c8-7f71-40f7-b15d-a7042ca55dc1	item-photos	public/1780026904230.jpg	\N	2026-05-29 03:55:04.52938+00	2026-05-29 03:55:04.52938+00	2026-05-29 03:55:04.52938+00	{"eTag": "\\"b227df3e6e87ff04734262a5516c598f\\"", "size": 54087, "mimetype": "image/jpeg", "cacheControl": "max-age=3600", "lastModified": "2026-05-29T03:55:05.000Z", "contentLength": 54087, "httpStatusCode": 200}	47d902fd-a13d-423c-a4c2-a7c2a4315f16	\N	{}
ab70a427-df67-458a-bfad-940a40e39bde	item-photos	public/1780026904870.jpg	\N	2026-05-29 03:55:05.139645+00	2026-05-29 03:55:05.139645+00	2026-05-29 03:55:05.139645+00	{"eTag": "\\"0b22c483b6651017b5c54c37cd0e35d5\\"", "size": 51165, "mimetype": "image/jpeg", "cacheControl": "max-age=3600", "lastModified": "2026-05-29T03:55:06.000Z", "contentLength": 51165, "httpStatusCode": 200}	e58a9af1-b9a8-465d-b590-cd0c68a146a9	\N	{}
9c9720c0-42f4-45c4-ace9-07f062d9a494	item-photos	public/1780027360406.jpg	\N	2026-05-29 04:02:41.133923+00	2026-05-29 04:02:41.133923+00	2026-05-29 04:02:41.133923+00	{"eTag": "\\"6a5ee99f31fe3b87e42e758f445aba58\\"", "size": 23593, "mimetype": "image/jpeg", "cacheControl": "max-age=3600", "lastModified": "2026-05-29T04:02:42.000Z", "contentLength": 23593, "httpStatusCode": 200}	2675c2d5-840f-4d5d-8238-736eda5f049a	\N	{}
d92d6f62-c8ca-4fc0-8a81-0e166188a5f7	item-photos	public/1780027380568.jpg	\N	2026-05-29 04:03:00.857632+00	2026-05-29 04:03:00.857632+00	2026-05-29 04:03:00.857632+00	{"eTag": "\\"6a5ee99f31fe3b87e42e758f445aba58\\"", "size": 23593, "mimetype": "image/jpeg", "cacheControl": "max-age=3600", "lastModified": "2026-05-29T04:03:01.000Z", "contentLength": 23593, "httpStatusCode": 200}	446ed371-e9f1-4707-aec0-fc5af9b9d9cb	\N	{}
02608ddc-7e89-48d6-9406-4188a926ad95	item-photos	public/01780027381448.jpg	\N	2026-05-29 04:03:02.069053+00	2026-05-29 04:03:02.069053+00	2026-05-29 04:03:02.069053+00	{"eTag": "\\"69c7195d6c5bc2034e8487308dd88cef\\"", "size": 81813, "mimetype": "image/jpeg", "cacheControl": "max-age=3600", "lastModified": "2026-05-29T04:03:03.000Z", "contentLength": 81813, "httpStatusCode": 200}	36b01933-75ed-4379-91b5-85352a2d1c82	\N	{}
274d1b5c-2a53-4adf-b15b-9bc6bede9ebe	item-photos	public/thumbnail_1780457594794.jpg	\N	2026-06-03 03:33:14.317684+00	2026-06-03 03:33:14.317684+00	2026-06-03 03:33:14.317684+00	{"eTag": "\\"01684ca50a85e1a30ca2c261b45466e9\\"", "size": 57334, "mimetype": "image/jpeg", "cacheControl": "max-age=3600", "lastModified": "2026-06-03T03:33:15.000Z", "contentLength": 57334, "httpStatusCode": 200}	0f36300a-5f5e-4b28-be96-4936e524cfbc	\N	{}
5e05db59-30f8-42ac-b234-adc3d47ac001	item-photos	public/11780027382266.jpg	\N	2026-05-29 04:03:02.56253+00	2026-05-29 04:03:02.56253+00	2026-05-29 04:03:02.56253+00	{"eTag": "\\"b227df3e6e87ff04734262a5516c598f\\"", "size": 54087, "mimetype": "image/jpeg", "cacheControl": "max-age=3600", "lastModified": "2026-05-29T04:03:03.000Z", "contentLength": 54087, "httpStatusCode": 200}	817579af-b838-4a07-b1b3-65adac201659	\N	{}
848d6248-14a5-47a3-a244-f0f35d8794ee	item-photos	public/1780033322563.jpg	\N	2026-05-29 05:42:02.994924+00	2026-05-29 05:42:02.994924+00	2026-05-29 05:42:02.994924+00	{"eTag": "\\"6a5ee99f31fe3b87e42e758f445aba58\\"", "size": 23593, "mimetype": "image/jpeg", "cacheControl": "max-age=3600", "lastModified": "2026-05-29T05:42:03.000Z", "contentLength": 23593, "httpStatusCode": 200}	861fa6b6-6229-4900-b1b3-ea7adbab861a	\N	{}
78f9d989-3f5e-48f9-a470-f1c249aa2ca7	item-photos	public/21780027382889.jpg	\N	2026-05-29 04:03:03.259449+00	2026-05-29 04:03:03.259449+00	2026-05-29 04:03:03.259449+00	{"eTag": "\\"0b22c483b6651017b5c54c37cd0e35d5\\"", "size": 51165, "mimetype": "image/jpeg", "cacheControl": "max-age=3600", "lastModified": "2026-05-29T04:03:04.000Z", "contentLength": 51165, "httpStatusCode": 200}	5d749ef8-92ee-4c4b-9b95-f542e64e2e40	\N	{}
b63353a1-cfda-49c5-8851-20a123960132	item-photos	public/thumbnail_1780043008920.jpg	\N	2026-05-29 08:23:29.490513+00	2026-05-29 08:23:29.490513+00	2026-05-29 08:23:29.490513+00	{"eTag": "\\"6a5ee99f31fe3b87e42e758f445aba58\\"", "size": 23593, "mimetype": "image/jpeg", "cacheControl": "max-age=3600", "lastModified": "2026-05-29T08:23:30.000Z", "contentLength": 23593, "httpStatusCode": 200}	f1fd2c57-8147-4e87-b97f-4b5f10778b55	\N	{}
06b36a0b-29b5-4db6-b178-a501c3424db7	item-photos	public/31780027383714.jpg	\N	2026-05-29 04:03:04.039457+00	2026-05-29 04:03:04.039457+00	2026-05-29 04:03:04.039457+00	{"eTag": "\\"4a627a32e55195cd6aea4ff7d1211713\\"", "size": 43537, "mimetype": "image/jpeg", "cacheControl": "max-age=3600", "lastModified": "2026-05-29T04:03:04.000Z", "contentLength": 43537, "httpStatusCode": 200}	84a51d5f-da1c-44ca-93ff-4d56e1586d19	\N	{}
f51ecccc-75d7-4e3e-995b-a9bbf56fc71e	item-photos	public/1780033340103.jpg	\N	2026-05-29 05:42:20.451321+00	2026-05-29 05:42:20.451321+00	2026-05-29 05:42:20.451321+00	{"eTag": "\\"6a5ee99f31fe3b87e42e758f445aba58\\"", "size": 23593, "mimetype": "image/jpeg", "cacheControl": "max-age=3600", "lastModified": "2026-05-29T05:42:21.000Z", "contentLength": 23593, "httpStatusCode": 200}	1ccde600-5df1-447b-ac17-840b6b6ab216	\N	{}
5336da14-79b1-4146-9f7d-7ac160ca35e1	item-photos	public/1780027554759.jpg	\N	2026-05-29 04:05:55.299926+00	2026-05-29 04:05:55.299926+00	2026-05-29 04:05:55.299926+00	{"eTag": "\\"6a5ee99f31fe3b87e42e758f445aba58\\"", "size": 23593, "mimetype": "image/jpeg", "cacheControl": "max-age=3600", "lastModified": "2026-05-29T04:05:56.000Z", "contentLength": 23593, "httpStatusCode": 200}	e07a7570-3f10-4ba1-9fcf-012abc4bf0e6	\N	{}
51093038-9dfd-4915-84b9-8c5a6dc93ff4	item-photos	public/01780027555861.jpg	\N	2026-05-29 04:05:56.269028+00	2026-05-29 04:05:56.269028+00	2026-05-29 04:05:56.269028+00	{"eTag": "\\"69c7195d6c5bc2034e8487308dd88cef\\"", "size": 81813, "mimetype": "image/jpeg", "cacheControl": "max-age=3600", "lastModified": "2026-05-29T04:05:57.000Z", "contentLength": 81813, "httpStatusCode": 200}	c69f8e7a-ccd0-4a54-a155-69778a088bc9	\N	{}
23afbd5a-e6e5-4dcd-9364-396397a8cc50	item-photos	public/01780033340404.jpg	\N	2026-05-29 05:42:20.809052+00	2026-05-29 05:42:20.809052+00	2026-05-29 05:42:20.809052+00	{"eTag": "\\"06aedc6b4f258087b078b7a82b2ad7a0\\"", "size": 39984, "mimetype": "image/jpeg", "cacheControl": "max-age=3600", "lastModified": "2026-05-29T05:42:21.000Z", "contentLength": 39984, "httpStatusCode": 200}	f0281e35-2199-42f7-a361-738b7840886f	\N	{}
b2041077-23bf-4c09-9035-05d3eb84daf8	item-photos	public/11780027556422.jpg	\N	2026-05-29 04:05:56.848126+00	2026-05-29 04:05:56.848126+00	2026-05-29 04:05:56.848126+00	{"eTag": "\\"b227df3e6e87ff04734262a5516c598f\\"", "size": 54087, "mimetype": "image/jpeg", "cacheControl": "max-age=3600", "lastModified": "2026-05-29T04:05:57.000Z", "contentLength": 54087, "httpStatusCode": 200}	b21a3053-924b-425e-89fe-bc477515a952	\N	{}
355d533b-0644-46d3-8f75-5cb442a641fe	item-photos	public/21780027557223.jpg	\N	2026-05-29 04:05:57.523853+00	2026-05-29 04:05:57.523853+00	2026-05-29 04:05:57.523853+00	{"eTag": "\\"0b22c483b6651017b5c54c37cd0e35d5\\"", "size": 51165, "mimetype": "image/jpeg", "cacheControl": "max-age=3600", "lastModified": "2026-05-29T04:05:58.000Z", "contentLength": 51165, "httpStatusCode": 200}	163038f3-82d5-4f11-ba86-f65e68b30c67	\N	{}
fb159147-4e88-498d-b13c-a762bcf5f8b0	item-photos	public/11780033340800.jpg	\N	2026-05-29 05:42:21.198095+00	2026-05-29 05:42:21.198095+00	2026-05-29 05:42:21.198095+00	{"eTag": "\\"eda70f50d0af6455b18cb939beff3d15\\"", "size": 43482, "mimetype": "image/jpeg", "cacheControl": "max-age=3600", "lastModified": "2026-05-29T05:42:22.000Z", "contentLength": 43482, "httpStatusCode": 200}	d4fb49a7-4e73-4466-a751-dff328d53f18	\N	{}
b0df4c46-91d0-4733-a81b-24b9ee020cb2	item-photos	public/31780027557959.jpg	\N	2026-05-29 04:05:58.245265+00	2026-05-29 04:05:58.245265+00	2026-05-29 04:05:58.245265+00	{"eTag": "\\"4a627a32e55195cd6aea4ff7d1211713\\"", "size": 43537, "mimetype": "image/jpeg", "cacheControl": "max-age=3600", "lastModified": "2026-05-29T04:05:59.000Z", "contentLength": 43537, "httpStatusCode": 200}	df547b31-0791-49c4-84c5-5104cdd8e710	\N	{}
00735ad4-5719-4847-b4e5-e02c5bdde7d4	item-photos	public/1780027608655.jpg	\N	2026-05-29 04:06:48.966684+00	2026-05-29 04:06:48.966684+00	2026-05-29 04:06:48.966684+00	{"eTag": "\\"6a5ee99f31fe3b87e42e758f445aba58\\"", "size": 23593, "mimetype": "image/jpeg", "cacheControl": "max-age=3600", "lastModified": "2026-05-29T04:06:49.000Z", "contentLength": 23593, "httpStatusCode": 200}	bb5cc312-6d45-41c9-8bfa-31acd4262751	\N	{}
bbc8b57f-3f0c-4385-af95-8227cf78a630	item-photos	public/01780027609559.jpg	\N	2026-05-29 04:06:49.980405+00	2026-05-29 04:06:49.980405+00	2026-05-29 04:06:49.980405+00	{"eTag": "\\"69c7195d6c5bc2034e8487308dd88cef\\"", "size": 81813, "mimetype": "image/jpeg", "cacheControl": "max-age=3600", "lastModified": "2026-05-29T04:06:50.000Z", "contentLength": 81813, "httpStatusCode": 200}	ad910bdb-a1ae-4416-b369-84e138e007be	\N	{}
8a8ea9ba-09f4-405a-a281-54ebfe335bf9	item-photos	public/11780027610176.jpg	\N	2026-05-29 04:06:50.82691+00	2026-05-29 04:06:50.82691+00	2026-05-29 04:06:50.82691+00	{"eTag": "\\"b227df3e6e87ff04734262a5516c598f\\"", "size": 54087, "mimetype": "image/jpeg", "cacheControl": "max-age=3600", "lastModified": "2026-05-29T04:06:51.000Z", "contentLength": 54087, "httpStatusCode": 200}	4ded3dbe-e3fc-4d2a-adc0-32a4312cf9af	\N	{}
bd9ba6cb-6490-476f-b394-80718715c1e1	item-photos	public/21780033341141.jpg	\N	2026-05-29 05:42:21.523279+00	2026-05-29 05:42:21.523279+00	2026-05-29 05:42:21.523279+00	{"eTag": "\\"2a6ebd4591c1662e476b1207b49f5579\\"", "size": 41088, "mimetype": "image/jpeg", "cacheControl": "max-age=3600", "lastModified": "2026-05-29T05:42:22.000Z", "contentLength": 41088, "httpStatusCode": 200}	b9381195-69a5-4791-a09d-01c4817a8845	\N	{}
932f62fc-ea13-4d4e-a8c0-0c55fcf99344	item-photos	public/21780027611195.jpg	\N	2026-05-29 04:06:51.490484+00	2026-05-29 04:06:51.490484+00	2026-05-29 04:06:51.490484+00	{"eTag": "\\"0b22c483b6651017b5c54c37cd0e35d5\\"", "size": 51165, "mimetype": "image/jpeg", "cacheControl": "max-age=3600", "lastModified": "2026-05-29T04:06:52.000Z", "contentLength": 51165, "httpStatusCode": 200}	8478b394-75f6-4ca5-b679-e66e884f943c	\N	{}
cdb74c6b-2f27-41e9-aad8-d50e4dc984a5	item-photos	public/gallery_1780457595299_0.jpg	\N	2026-06-03 03:33:14.613062+00	2026-06-03 03:33:14.613062+00	2026-06-03 03:33:14.613062+00	{"eTag": "\\"6a5ee99f31fe3b87e42e758f445aba58\\"", "size": 23593, "mimetype": "image/jpeg", "cacheControl": "max-age=3600", "lastModified": "2026-06-03T03:33:15.000Z", "contentLength": 23593, "httpStatusCode": 200}	3de03c79-214e-4956-b3ff-bf147407817e	\N	{}
81610528-dfab-4bd6-b256-40fa5d66f747	item-photos	public/31780027611872.jpg	\N	2026-05-29 04:06:52.183029+00	2026-05-29 04:06:52.183029+00	2026-05-29 04:06:52.183029+00	{"eTag": "\\"4a627a32e55195cd6aea4ff7d1211713\\"", "size": 43537, "mimetype": "image/jpeg", "cacheControl": "max-age=3600", "lastModified": "2026-05-29T04:06:53.000Z", "contentLength": 43537, "httpStatusCode": 200}	015725fb-77cf-4b71-975b-8bf1e543bc17	\N	{}
2aaa5cf6-afb4-4bfa-88c1-41b73a1d0426	item-photos	public/31780033341656.jpg	\N	2026-05-29 05:42:22.085845+00	2026-05-29 05:42:22.085845+00	2026-05-29 05:42:22.085845+00	{"eTag": "\\"608996f8de6f6a721c1390cf13fc56c1\\"", "size": 98616, "mimetype": "image/png", "cacheControl": "max-age=3600", "lastModified": "2026-05-29T05:42:23.000Z", "contentLength": 98616, "httpStatusCode": 200}	c2c6352c-d1cc-45fc-8e22-145622e68363	\N	{}
0df3c224-1ed5-46b6-99e8-621edd320aea	item-photos	public/1780032241195.jpg	\N	2026-05-29 05:24:02.079774+00	2026-05-29 05:24:02.079774+00	2026-05-29 05:24:02.079774+00	{"eTag": "\\"6a5ee99f31fe3b87e42e758f445aba58\\"", "size": 23593, "mimetype": "image/jpeg", "cacheControl": "max-age=3600", "lastModified": "2026-05-29T05:24:03.000Z", "contentLength": 23593, "httpStatusCode": 200}	5f98e93f-bcbd-4465-a755-e8ecfb39fe43	\N	{}
da0a47b7-5b11-42b3-9458-a05758a74797	item-photos	public/01780032242479.jpg	\N	2026-05-29 05:24:02.824266+00	2026-05-29 05:24:02.824266+00	2026-05-29 05:24:02.824266+00	{"eTag": "\\"6bef22fffcacf2cdcda635e6b9c6084d\\"", "size": 41134, "mimetype": "image/jpeg", "cacheControl": "max-age=3600", "lastModified": "2026-05-29T05:24:03.000Z", "contentLength": 41134, "httpStatusCode": 200}	7c3961e5-9099-4e4d-82e8-b7299fe19156	\N	{}
3634e3d3-ae56-4b7f-9ebd-6a0d62501e12	item-photos	public/1780033434849.jpg	\N	2026-05-29 05:43:55.252319+00	2026-05-29 05:43:55.252319+00	2026-05-29 05:43:55.252319+00	{"eTag": "\\"6a5ee99f31fe3b87e42e758f445aba58\\"", "size": 23593, "mimetype": "image/jpeg", "cacheControl": "max-age=3600", "lastModified": "2026-05-29T05:43:56.000Z", "contentLength": 23593, "httpStatusCode": 200}	aab10ea0-034e-4b50-a88f-c3b9f425ebe7	\N	{}
6694bc40-f335-4c55-b7d5-694549930dc3	item-photos	public/11780032243781.jpg	\N	2026-05-29 05:24:04.282454+00	2026-05-29 05:24:04.282454+00	2026-05-29 05:24:04.282454+00	{"eTag": "\\"43b5e485534df5b9587271a50e1b6024\\"", "size": 99279, "mimetype": "image/png", "cacheControl": "max-age=3600", "lastModified": "2026-05-29T05:24:05.000Z", "contentLength": 99279, "httpStatusCode": 200}	b8a62a8b-b31f-403c-9612-516308496fd7	\N	{}
8dc11112-af6e-402a-938c-46b63d73e143	item-photos	public/gallery0_1780043008963.jpg	\N	2026-05-29 08:23:29.752165+00	2026-05-29 08:23:29.752165+00	2026-05-29 08:23:29.752165+00	{"eTag": "\\"01684ca50a85e1a30ca2c261b45466e9\\"", "size": 57334, "mimetype": "image/jpeg", "cacheControl": "max-age=3600", "lastModified": "2026-05-29T08:23:30.000Z", "contentLength": 57334, "httpStatusCode": 200}	3ba25ee8-4f6b-45c0-8e73-b1bf88f3c42f	\N	{}
5e583722-4d3a-43a9-9058-d37dd528615f	item-photos	public/1780032275714.jpg	\N	2026-05-29 05:24:36.102045+00	2026-05-29 05:24:36.102045+00	2026-05-29 05:24:36.102045+00	{"eTag": "\\"4a627a32e55195cd6aea4ff7d1211713\\"", "size": 43537, "mimetype": "image/jpeg", "cacheControl": "max-age=3600", "lastModified": "2026-05-29T05:24:37.000Z", "contentLength": 43537, "httpStatusCode": 200}	baf9c89b-36dd-446f-9b94-0247e8872392	\N	{}
cad1f185-7bce-4b30-9027-164cd0d86c7f	item-photos	public/01780033435406.jpg	\N	2026-05-29 05:43:55.857686+00	2026-05-29 05:43:55.857686+00	2026-05-29 05:43:55.857686+00	{"eTag": "\\"01684ca50a85e1a30ca2c261b45466e9\\"", "size": 57334, "mimetype": "image/jpeg", "cacheControl": "max-age=3600", "lastModified": "2026-05-29T05:43:56.000Z", "contentLength": 57334, "httpStatusCode": 200}	3674c68f-6ac5-464b-89a6-83ce6795f9a7	\N	{}
e9cbcb2c-5ecb-43bf-a774-85f3840ee36d	item-photos	public/01780032276597.jpg	\N	2026-05-29 05:24:37.049599+00	2026-05-29 05:24:37.049599+00	2026-05-29 05:24:37.049599+00	{"eTag": "\\"69c7195d6c5bc2034e8487308dd88cef\\"", "size": 81813, "mimetype": "image/jpeg", "cacheControl": "max-age=3600", "lastModified": "2026-05-29T05:24:38.000Z", "contentLength": 81813, "httpStatusCode": 200}	0b88e473-d8d3-4965-9d5c-a21fc877cda4	\N	{}
e3f94af5-7917-40cc-a76b-6517db0d46e0	item-photos	public/11780032277222.jpg	\N	2026-05-29 05:24:37.608979+00	2026-05-29 05:24:37.608979+00	2026-05-29 05:24:37.608979+00	{"eTag": "\\"b227df3e6e87ff04734262a5516c598f\\"", "size": 54087, "mimetype": "image/jpeg", "cacheControl": "max-age=3600", "lastModified": "2026-05-29T05:24:38.000Z", "contentLength": 54087, "httpStatusCode": 200}	8039fe53-7bea-406a-9188-1781cabffbb2	\N	{}
54865530-7685-4b97-b5c7-880203f314e4	item-photos	public/21780032277892.jpg	\N	2026-05-29 05:24:38.248184+00	2026-05-29 05:24:38.248184+00	2026-05-29 05:24:38.248184+00	{"eTag": "\\"0b22c483b6651017b5c54c37cd0e35d5\\"", "size": 51165, "mimetype": "image/jpeg", "cacheControl": "max-age=3600", "lastModified": "2026-05-29T05:24:39.000Z", "contentLength": 51165, "httpStatusCode": 200}	d108ae1a-2e21-4778-a980-cc37b164039a	\N	{}
86737e4d-b09d-40f8-8639-b17a1aff8cbb	item-photos	public/1780032334559.jpg	\N	2026-05-29 05:25:34.966197+00	2026-05-29 05:25:34.966197+00	2026-05-29 05:25:34.966197+00	{"eTag": "\\"6a5ee99f31fe3b87e42e758f445aba58\\"", "size": 23593, "mimetype": "image/jpeg", "cacheControl": "max-age=3600", "lastModified": "2026-05-29T05:25:35.000Z", "contentLength": 23593, "httpStatusCode": 200}	a211cbbe-ae60-40f6-b8fa-08735cdadeef	\N	{}
82afa97a-d37e-40d3-9953-386c4a012055	item-photos	public/01780032335540.jpg	\N	2026-05-29 05:25:35.975212+00	2026-05-29 05:25:35.975212+00	2026-05-29 05:25:35.975212+00	{"eTag": "\\"69c7195d6c5bc2034e8487308dd88cef\\"", "size": 81813, "mimetype": "image/jpeg", "cacheControl": "max-age=3600", "lastModified": "2026-05-29T05:25:36.000Z", "contentLength": 81813, "httpStatusCode": 200}	ccd8410e-7a57-487e-8ef5-9b294e0aa417	\N	{}
c26bc35e-8f02-4289-96d4-225b0ac96a2c	item-photos	public/11780033436280.jpg	\N	2026-05-29 05:43:56.803744+00	2026-05-29 05:43:56.803744+00	2026-05-29 05:43:56.803744+00	{"eTag": "\\"69c7195d6c5bc2034e8487308dd88cef\\"", "size": 81813, "mimetype": "image/jpeg", "cacheControl": "max-age=3600", "lastModified": "2026-05-29T05:43:57.000Z", "contentLength": 81813, "httpStatusCode": 200}	4d884456-5efd-4f05-893b-a8772e95b05f	\N	{}
3dcb3a3c-59c4-4cd1-b1e0-f76e607f938c	item-photos	public/11780032336131.jpg	\N	2026-05-29 05:25:36.47285+00	2026-05-29 05:25:36.47285+00	2026-05-29 05:25:36.47285+00	{"eTag": "\\"b227df3e6e87ff04734262a5516c598f\\"", "size": 54087, "mimetype": "image/jpeg", "cacheControl": "max-age=3600", "lastModified": "2026-05-29T05:25:37.000Z", "contentLength": 54087, "httpStatusCode": 200}	cd2a0b15-cdbb-4664-b5b5-0af8a64dc29e	\N	{}
b27383d3-3a10-4c66-ae07-75010e07c63d	item-photos	public/gallery0_1780043008826.jpg	\N	2026-05-29 08:23:29.685493+00	2026-05-29 08:23:29.685493+00	2026-05-29 08:23:29.685493+00	{"eTag": "\\"01684ca50a85e1a30ca2c261b45466e9\\"", "size": 57334, "mimetype": "image/jpeg", "cacheControl": "max-age=3600", "lastModified": "2026-05-29T08:23:30.000Z", "contentLength": 57334, "httpStatusCode": 200}	dae6f490-d5ee-4422-ab5f-462e6e1535d6	\N	{}
7c358a80-c5d4-43c0-9ed2-19a9d2f2f9a6	item-photos	public/1780032397983.jpg	\N	2026-05-29 05:26:38.588311+00	2026-05-29 05:26:38.588311+00	2026-05-29 05:26:38.588311+00	{"eTag": "\\"6a5ee99f31fe3b87e42e758f445aba58\\"", "size": 23593, "mimetype": "image/jpeg", "cacheControl": "max-age=3600", "lastModified": "2026-05-29T05:26:39.000Z", "contentLength": 23593, "httpStatusCode": 200}	1313600a-8e0b-4ca1-9433-237136be61b6	\N	{}
85366f30-1261-49ae-b5c7-5755ee183245	item-photos	public/21780033436892.jpg	\N	2026-05-29 05:43:57.231523+00	2026-05-29 05:43:57.231523+00	2026-05-29 05:43:57.231523+00	{"eTag": "\\"b227df3e6e87ff04734262a5516c598f\\"", "size": 54087, "mimetype": "image/jpeg", "cacheControl": "max-age=3600", "lastModified": "2026-05-29T05:43:58.000Z", "contentLength": 54087, "httpStatusCode": 200}	d3e45cd8-07e6-4435-aac5-37cfb2de2ce7	\N	{}
9459727a-0da9-4459-ab30-dd33b670eb3a	item-photos	public/01780032398985.jpg	\N	2026-05-29 05:26:39.652306+00	2026-05-29 05:26:39.652306+00	2026-05-29 05:26:39.652306+00	{"eTag": "\\"69c7195d6c5bc2034e8487308dd88cef\\"", "size": 81813, "mimetype": "image/jpeg", "cacheControl": "max-age=3600", "lastModified": "2026-05-29T05:26:40.000Z", "contentLength": 81813, "httpStatusCode": 200}	c1b73f4e-2733-4252-9227-ccba5be44688	\N	{}
05be22c1-ada5-488b-a756-35804e14b3d7	item-photos	public/thumbnail_1780043009092.jpg	\N	2026-05-29 08:23:29.763265+00	2026-05-29 08:23:29.763265+00	2026-05-29 08:23:29.763265+00	{"eTag": "\\"6a5ee99f31fe3b87e42e758f445aba58\\"", "size": 23593, "mimetype": "image/jpeg", "cacheControl": "max-age=3600", "lastModified": "2026-05-29T08:23:30.000Z", "contentLength": 23593, "httpStatusCode": 200}	bcb1d471-b602-4231-bfa3-39cc2e9b9dac	\N	{}
90a18647-11da-4ad4-a8fa-663be227f89b	item-photos	public/11780032399766.jpg	\N	2026-05-29 05:26:40.095404+00	2026-05-29 05:26:40.095404+00	2026-05-29 05:26:40.095404+00	{"eTag": "\\"b227df3e6e87ff04734262a5516c598f\\"", "size": 54087, "mimetype": "image/jpeg", "cacheControl": "max-age=3600", "lastModified": "2026-05-29T05:26:41.000Z", "contentLength": 54087, "httpStatusCode": 200}	9a73a65e-9144-4f3d-a50e-6539f794a1ff	\N	{}
4e3f8afc-ef7e-4bb3-937e-48a50362a3e4	item-photos	public/31780033438159.jpg	\N	2026-05-29 05:43:58.626518+00	2026-05-29 05:43:58.626518+00	2026-05-29 05:43:58.626518+00	{"eTag": "\\"0b57e1a8d36e62198fe302cbf112b86a\\"", "size": 99250, "mimetype": "image/png", "cacheControl": "max-age=3600", "lastModified": "2026-05-29T05:43:59.000Z", "contentLength": 99250, "httpStatusCode": 200}	31021d94-b185-4b63-b11e-1e6377550392	\N	{}
257885c9-ae3a-4793-bd59-9170339ced85	item-photos	public/21780032400351.jpg	\N	2026-05-29 05:26:40.685199+00	2026-05-29 05:26:40.685199+00	2026-05-29 05:26:40.685199+00	{"eTag": "\\"0b22c483b6651017b5c54c37cd0e35d5\\"", "size": 51165, "mimetype": "image/jpeg", "cacheControl": "max-age=3600", "lastModified": "2026-05-29T05:26:41.000Z", "contentLength": 51165, "httpStatusCode": 200}	8468a70d-4380-4f86-9990-1b92f089f88b	\N	{}
a6027f9d-79e4-41e1-99a1-0be63ed547ed	item-photos	public/31780032400980.jpg	\N	2026-05-29 05:26:41.302162+00	2026-05-29 05:26:41.302162+00	2026-05-29 05:26:41.302162+00	{"eTag": "\\"4a627a32e55195cd6aea4ff7d1211713\\"", "size": 43537, "mimetype": "image/jpeg", "cacheControl": "max-age=3600", "lastModified": "2026-05-29T05:26:42.000Z", "contentLength": 43537, "httpStatusCode": 200}	68e4da5d-e0cf-46bf-acfe-7981ec295172	\N	{}
14dff042-590f-4176-814c-53080a026a22	item-photos	public/Item 70-thumbnail-1780033914680.jpg	\N	2026-05-29 05:51:55.499256+00	2026-05-29 05:51:55.499256+00	2026-05-29 05:51:55.499256+00	{"eTag": "\\"46f4885495c1ed7ca2dbfd4787b06bb6\\"", "size": 30667, "mimetype": "image/jpeg", "cacheControl": "max-age=3600", "lastModified": "2026-05-29T05:51:56.000Z", "contentLength": 30667, "httpStatusCode": 200}	e9d3e085-faf4-4eb9-86ea-2b5fc43ab0b8	\N	{}
f10c9ff9-f11a-412e-aab3-7c91a2230daa	item-photos	public/41780032401521.jpg	\N	2026-05-29 05:26:41.892199+00	2026-05-29 05:26:41.892199+00	2026-05-29 05:26:41.892199+00	{"eTag": "\\"6bef22fffcacf2cdcda635e6b9c6084d\\"", "size": 41134, "mimetype": "image/jpeg", "cacheControl": "max-age=3600", "lastModified": "2026-05-29T05:26:42.000Z", "contentLength": 41134, "httpStatusCode": 200}	34385b69-3e8b-487e-9ca7-a670babc7f14	\N	{}
4620d2ef-cf4c-4fc0-9959-f304e7045764	item-photos	public/51780032402848.jpg	\N	2026-05-29 05:26:43.255454+00	2026-05-29 05:26:43.255454+00	2026-05-29 05:26:43.255454+00	{"eTag": "\\"20f7459e50a9442feb2f5c4000f53855\\"", "size": 99346, "mimetype": "image/png", "cacheControl": "max-age=3600", "lastModified": "2026-05-29T05:26:44.000Z", "contentLength": 99346, "httpStatusCode": 200}	27ffe1fa-e8b9-4afc-ba50-17960bcb60e3	\N	{}
83327ff4-4e02-4ff9-af5e-855611fac2d8	item-photos	public/1780032541665.jpg	\N	2026-05-29 05:29:02.430409+00	2026-05-29 05:29:02.430409+00	2026-05-29 05:29:02.430409+00	{"eTag": "\\"6a5ee99f31fe3b87e42e758f445aba58\\"", "size": 23593, "mimetype": "image/jpeg", "cacheControl": "max-age=3600", "lastModified": "2026-05-29T05:29:03.000Z", "contentLength": 23593, "httpStatusCode": 200}	2eb1a63c-f303-446b-a265-7d25e857a23c	\N	{}
8bdadede-5805-4bbd-b591-4e8a7e02cc43	item-photos	public/01780032542535.jpg	\N	2026-05-29 05:29:02.925701+00	2026-05-29 05:29:02.925701+00	2026-05-29 05:29:02.925701+00	{"eTag": "\\"01684ca50a85e1a30ca2c261b45466e9\\"", "size": 57334, "mimetype": "image/jpeg", "cacheControl": "max-age=3600", "lastModified": "2026-05-29T05:29:03.000Z", "contentLength": 57334, "httpStatusCode": 200}	71f49ab4-235b-4d9f-b704-e9d61bad6cae	\N	{}
0466b6a5-d289-42d6-a89d-34e38f5edb8b	item-photos	public/11780032543363.jpg	\N	2026-05-29 05:29:03.782522+00	2026-05-29 05:29:03.782522+00	2026-05-29 05:29:03.782522+00	{"eTag": "\\"69c7195d6c5bc2034e8487308dd88cef\\"", "size": 81813, "mimetype": "image/jpeg", "cacheControl": "max-age=3600", "lastModified": "2026-05-29T05:29:04.000Z", "contentLength": 81813, "httpStatusCode": 200}	d0fea0ee-0bf6-41c1-876b-cb5f937cdebf	\N	{}
b479a26b-0674-4872-b4cc-0dd376ad0a0f	item-photos	public/thumbnail_1780043009284.jpg	\N	2026-05-29 08:23:29.847248+00	2026-05-29 08:23:29.847248+00	2026-05-29 08:23:29.847248+00	{"eTag": "\\"6a5ee99f31fe3b87e42e758f445aba58\\"", "size": 23593, "mimetype": "image/jpeg", "cacheControl": "max-age=3600", "lastModified": "2026-05-29T08:23:30.000Z", "contentLength": 23593, "httpStatusCode": 200}	6ee0eb40-c2ad-4922-9d86-45c58d6fbac6	\N	{}
6da781a4-d544-4d65-91bb-d38defc5a6b3	item-photos	public/21780032543938.jpg	\N	2026-05-29 05:29:04.278577+00	2026-05-29 05:29:04.278577+00	2026-05-29 05:29:04.278577+00	{"eTag": "\\"b227df3e6e87ff04734262a5516c598f\\"", "size": 54087, "mimetype": "image/jpeg", "cacheControl": "max-age=3600", "lastModified": "2026-05-29T05:29:05.000Z", "contentLength": 54087, "httpStatusCode": 200}	1186c0b2-7954-449d-8484-1ee388222f57	\N	{}
830837bb-5c2b-46c4-815d-e5ae052ddc08	item-photos	public/Item 71-thumbnail-1780033968338.jpg	\N	2026-05-29 05:52:48.753398+00	2026-05-29 05:52:48.753398+00	2026-05-29 05:52:48.753398+00	{"eTag": "\\"46f4885495c1ed7ca2dbfd4787b06bb6\\"", "size": 30667, "mimetype": "image/jpeg", "cacheControl": "max-age=3600", "lastModified": "2026-05-29T05:52:49.000Z", "contentLength": 30667, "httpStatusCode": 200}	480f79f9-8c22-43a3-8566-7451e64d7efa	\N	{}
f5184aba-6cf2-4a8d-87f9-bd742970550c	item-photos	public/1780032646264.jpg	\N	2026-05-29 05:30:46.745604+00	2026-05-29 05:30:46.745604+00	2026-05-29 05:30:46.745604+00	{"eTag": "\\"6a5ee99f31fe3b87e42e758f445aba58\\"", "size": 23593, "mimetype": "image/jpeg", "cacheControl": "max-age=3600", "lastModified": "2026-05-29T05:30:47.000Z", "contentLength": 23593, "httpStatusCode": 200}	f17faaad-fed6-4765-8abd-0f2a2b2f2c79	\N	{}
1d32eb15-697f-4157-9826-a71271a45b72	item-photos	public/thumbnail_1780043009431.jpg	\N	2026-05-29 08:23:30.13705+00	2026-05-29 08:23:30.13705+00	2026-05-29 08:23:30.13705+00	{"eTag": "\\"6a5ee99f31fe3b87e42e758f445aba58\\"", "size": 23593, "mimetype": "image/jpeg", "cacheControl": "max-age=3600", "lastModified": "2026-05-29T08:23:31.000Z", "contentLength": 23593, "httpStatusCode": 200}	4df7607a-ebc3-4c0a-8579-d7c5a6befb42	\N	{}
1d89ff76-6e7d-40e5-8eaa-4dc0b12e7891	item-photos	public/01780032646809.jpg	\N	2026-05-29 05:30:47.580552+00	2026-05-29 05:30:47.580552+00	2026-05-29 05:30:47.580552+00	{"eTag": "\\"01684ca50a85e1a30ca2c261b45466e9\\"", "size": 57334, "mimetype": "image/jpeg", "cacheControl": "max-age=3600", "lastModified": "2026-05-29T05:30:48.000Z", "contentLength": 57334, "httpStatusCode": 200}	989a90ef-1764-40d9-b256-a4194ef79864	\N	{}
3262b5f1-7e38-4026-8b82-241fed67406e	item-photos	public/gallery_1780457595299_1.jpg	\N	2026-06-03 03:33:15.04215+00	2026-06-03 03:33:15.04215+00	2026-06-03 03:33:15.04215+00	{"eTag": "\\"01684ca50a85e1a30ca2c261b45466e9\\"", "size": 57334, "mimetype": "image/jpeg", "cacheControl": "max-age=3600", "lastModified": "2026-06-03T03:33:15.000Z", "contentLength": 57334, "httpStatusCode": 200}	5a3ff9ae-e2e7-463a-8db0-fe22039113e0	\N	{}
c79964b8-fbfc-4bba-a268-200e631dd703	item-photos	public/11780032647972.jpg	\N	2026-05-29 05:30:48.377622+00	2026-05-29 05:30:48.377622+00	2026-05-29 05:30:48.377622+00	{"eTag": "\\"69c7195d6c5bc2034e8487308dd88cef\\"", "size": 81813, "mimetype": "image/jpeg", "cacheControl": "max-age=3600", "lastModified": "2026-05-29T05:30:49.000Z", "contentLength": 81813, "httpStatusCode": 200}	a24452dc-77d0-465b-8099-559201481a1e	\N	{}
819b261c-bdf3-406c-8287-d16df3e250fc	item-photos	public/Item 73-thumbnail-1780034200129.jpg	\N	2026-05-29 05:56:40.838741+00	2026-05-29 05:56:40.838741+00	2026-05-29 05:56:40.838741+00	{"eTag": "\\"46f4885495c1ed7ca2dbfd4787b06bb6\\"", "size": 30667, "mimetype": "image/jpeg", "cacheControl": "max-age=3600", "lastModified": "2026-05-29T05:56:41.000Z", "contentLength": 30667, "httpStatusCode": 200}	d9354bbb-49ab-47be-ac5a-55d465cc39fe	\N	{}
a6677059-fb3d-4a1c-8c6a-39b990803155	item-photos	public/21780032648495.jpg	\N	2026-05-29 05:30:48.808652+00	2026-05-29 05:30:48.808652+00	2026-05-29 05:30:48.808652+00	{"eTag": "\\"b227df3e6e87ff04734262a5516c598f\\"", "size": 54087, "mimetype": "image/jpeg", "cacheControl": "max-age=3600", "lastModified": "2026-05-29T05:30:49.000Z", "contentLength": 54087, "httpStatusCode": 200}	44d887b1-b926-4802-a5cb-92dde8e4973e	\N	{}
03b5226c-8860-49eb-8cf1-ebd4197330b9	item-photos	public/1780032888855.jpg	\N	2026-05-29 05:34:49.669962+00	2026-05-29 05:34:49.669962+00	2026-05-29 05:34:49.669962+00	{"eTag": "\\"b227df3e6e87ff04734262a5516c598f\\"", "size": 54087, "mimetype": "image/jpeg", "cacheControl": "max-age=3600", "lastModified": "2026-05-29T05:34:50.000Z", "contentLength": 54087, "httpStatusCode": 200}	8dc917f7-6a96-41b3-bfba-6cebe9287d28	\N	{}
074e4bbb-bcb3-456a-8c15-01149867c630	item-photos	public/01780032889987.jpg	\N	2026-05-29 05:34:50.415151+00	2026-05-29 05:34:50.415151+00	2026-05-29 05:34:50.415151+00	{"eTag": "\\"0b22c483b6651017b5c54c37cd0e35d5\\"", "size": 51165, "mimetype": "image/jpeg", "cacheControl": "max-age=3600", "lastModified": "2026-05-29T05:34:51.000Z", "contentLength": 51165, "httpStatusCode": 200}	fbd3fe25-1d4b-48d0-81ef-52cc1a8a66c2	\N	{}
7c5aa97c-5a67-4e03-bff2-6b4184076aac	item-photos	public/Item 75-thumbnail-1780034404400.jpg	\N	2026-05-29 06:00:04.985714+00	2026-05-29 06:00:04.985714+00	2026-05-29 06:00:04.985714+00	{"eTag": "\\"46f4885495c1ed7ca2dbfd4787b06bb6\\"", "size": 30667, "mimetype": "image/jpeg", "cacheControl": "max-age=3600", "lastModified": "2026-05-29T06:00:05.000Z", "contentLength": 30667, "httpStatusCode": 200}	73f29250-e322-44dd-a293-3bab579a065f	\N	{}
3227f2db-048c-43f6-bdda-3f59e2fdd1c4	item-photos	public/1780032890651.jpg	\N	2026-05-29 05:34:51.034588+00	2026-05-29 05:34:51.034588+00	2026-05-29 05:34:51.034588+00	{"eTag": "\\"b227df3e6e87ff04734262a5516c598f\\"", "size": 54087, "mimetype": "image/jpeg", "cacheControl": "max-age=3600", "lastModified": "2026-05-29T05:34:51.000Z", "contentLength": 54087, "httpStatusCode": 200}	88a2b6ae-0ac4-48aa-b68d-9c7ae750444a	\N	{}
28105a3e-d386-4121-a28b-51f65ebd42ca	item-photos	public/01780032891326.jpg	\N	2026-05-29 05:34:51.650551+00	2026-05-29 05:34:51.650551+00	2026-05-29 05:34:51.650551+00	{"eTag": "\\"0b22c483b6651017b5c54c37cd0e35d5\\"", "size": 51165, "mimetype": "image/jpeg", "cacheControl": "max-age=3600", "lastModified": "2026-05-29T05:34:52.000Z", "contentLength": 51165, "httpStatusCode": 200}	8e74d2f8-f8e6-4b41-a00e-5a591ec3496f	\N	{}
42bed362-8381-406c-84f0-c0b432e26d4a	item-photos	public/1780032928594.jpg	\N	2026-05-29 05:35:29.00725+00	2026-05-29 05:35:29.00725+00	2026-05-29 05:35:29.00725+00	{"eTag": "\\"0b22c483b6651017b5c54c37cd0e35d5\\"", "size": 51165, "mimetype": "image/jpeg", "cacheControl": "max-age=3600", "lastModified": "2026-05-29T05:35:29.000Z", "contentLength": 51165, "httpStatusCode": 200}	3736a825-dbc9-4b40-b709-815e52436299	\N	{}
cb3564fd-ddbc-4d61-b981-59afba67a4ac	item-photos	public/01780032928975.jpg	\N	2026-05-29 05:35:29.298836+00	2026-05-29 05:35:29.298836+00	2026-05-29 05:35:29.298836+00	{"eTag": "\\"6a5ee99f31fe3b87e42e758f445aba58\\"", "size": 23593, "mimetype": "image/jpeg", "cacheControl": "max-age=3600", "lastModified": "2026-05-29T05:35:30.000Z", "contentLength": 23593, "httpStatusCode": 200}	5037d7fe-4bf4-4f5e-a99f-c1bbd6729b60	\N	{}
4a2ceca2-d387-4696-ab0a-2aa367c1ab3e	item-photos	public/gallery0_1780043009189.jpg	\N	2026-05-29 08:23:29.993414+00	2026-05-29 08:23:29.993414+00	2026-05-29 08:23:29.993414+00	{"eTag": "\\"01684ca50a85e1a30ca2c261b45466e9\\"", "size": 57334, "mimetype": "image/jpeg", "cacheControl": "max-age=3600", "lastModified": "2026-05-29T08:23:30.000Z", "contentLength": 57334, "httpStatusCode": 200}	533ea815-498b-45d4-ab28-b8b348857db6	\N	{}
f81ab9cd-6a0d-44f1-874b-58d3faba1521	item-photos	public/11780032929402.jpg	\N	2026-05-29 05:35:29.754288+00	2026-05-29 05:35:29.754288+00	2026-05-29 05:35:29.754288+00	{"eTag": "\\"01684ca50a85e1a30ca2c261b45466e9\\"", "size": 57334, "mimetype": "image/jpeg", "cacheControl": "max-age=3600", "lastModified": "2026-05-29T05:35:30.000Z", "contentLength": 57334, "httpStatusCode": 200}	7ec59f06-d774-4660-9e13-79201259dc95	\N	{}
9f666ad3-b72a-4991-938f-081282c82b11	item-photos	public/thumbnail_64_1780476130669.webp	\N	2026-06-03 08:42:10.209541+00	2026-06-03 08:42:10.209541+00	2026-06-03 08:42:10.209541+00	{"eTag": "\\"d474334ca0c30e95cca85db9749c74a7\\"", "size": 6970, "mimetype": "image/webp", "cacheControl": "max-age=3600", "lastModified": "2026-06-03T08:42:11.000Z", "contentLength": 6970, "httpStatusCode": 200}	865cd2f6-76f7-4147-a718-7fa411e08978	\N	{}
ee2b03ae-3d56-4700-ad0b-2e74551c8d7c	item-photos	public/21780032930137.jpg	\N	2026-05-29 05:35:30.553747+00	2026-05-29 05:35:30.553747+00	2026-05-29 05:35:30.553747+00	{"eTag": "\\"69c7195d6c5bc2034e8487308dd88cef\\"", "size": 81813, "mimetype": "image/jpeg", "cacheControl": "max-age=3600", "lastModified": "2026-05-29T05:35:31.000Z", "contentLength": 81813, "httpStatusCode": 200}	872dbc76-a270-4cf6-91a7-61c71d32f6c0	\N	{}
e00ee920-f4c4-42a9-b15e-a413c6d42259	item-photos	public/gallery0_1780043010154.jpg	\N	2026-05-29 08:23:31.055992+00	2026-05-29 08:23:31.055992+00	2026-05-29 08:23:31.055992+00	{"eTag": "\\"01684ca50a85e1a30ca2c261b45466e9\\"", "size": 57334, "mimetype": "image/jpeg", "cacheControl": "max-age=3600", "lastModified": "2026-05-29T08:23:32.000Z", "contentLength": 57334, "httpStatusCode": 200}	a385f1c7-2487-4654-bb23-2393395234ac	\N	{}
6160705a-c32f-4c4a-b670-5ca8a2ab1838	item-photos	public/31780032930652.jpg	\N	2026-05-29 05:35:30.986138+00	2026-05-29 05:35:30.986138+00	2026-05-29 05:35:30.986138+00	{"eTag": "\\"b227df3e6e87ff04734262a5516c598f\\"", "size": 54087, "mimetype": "image/jpeg", "cacheControl": "max-age=3600", "lastModified": "2026-05-29T05:35:31.000Z", "contentLength": 54087, "httpStatusCode": 200}	708119ca-013f-42b0-8571-5d20683e0b79	\N	{}
14267035-1094-47a7-9b9d-455a688d4981	item-photos	public/Item 81-thumbnail-1780034827638.jpg	\N	2026-05-29 06:07:08.466813+00	2026-05-29 06:07:08.466813+00	2026-05-29 06:07:08.466813+00	{"eTag": "\\"46f4885495c1ed7ca2dbfd4787b06bb6\\"", "size": 30667, "mimetype": "image/jpeg", "cacheControl": "max-age=3600", "lastModified": "2026-05-29T06:07:09.000Z", "contentLength": 30667, "httpStatusCode": 200}	c1d2f549-d805-4f0f-9fc3-ee4b558520c2	\N	{}
686d9177-4201-44e8-81a8-b082eac6837d	item-photos	public/gallery_1780457595299_2.jpg	\N	2026-06-03 03:33:15.937569+00	2026-06-03 03:33:15.937569+00	2026-06-03 03:33:15.937569+00	{"eTag": "\\"69c7195d6c5bc2034e8487308dd88cef\\"", "size": 81813, "mimetype": "image/jpeg", "cacheControl": "max-age=3600", "lastModified": "2026-06-03T03:33:16.000Z", "contentLength": 81813, "httpStatusCode": 200}	047bfa44-b267-4a46-a19f-22743c7cd5db	\N	{}
1fb835a3-d287-4663-b6d6-456cd285dfe4	item-photos	public/Item 82-thumbnail-1780034874881.jpg	\N	2026-05-29 06:07:55.306156+00	2026-05-29 06:07:55.306156+00	2026-05-29 06:07:55.306156+00	{"eTag": "\\"46f4885495c1ed7ca2dbfd4787b06bb6\\"", "size": 30667, "mimetype": "image/jpeg", "cacheControl": "max-age=3600", "lastModified": "2026-05-29T06:07:56.000Z", "contentLength": 30667, "httpStatusCode": 200}	52e8102e-56fc-43cf-9040-af249054ac21	\N	{}
ff2a70d3-045f-4078-95e2-5d73cf83283f	item-photos	public/thumbnail_1780043010635.jpg	\N	2026-05-29 08:23:31.382481+00	2026-05-29 08:23:31.382481+00	2026-05-29 08:23:31.382481+00	{"eTag": "\\"6a5ee99f31fe3b87e42e758f445aba58\\"", "size": 23593, "mimetype": "image/jpeg", "cacheControl": "max-age=3600", "lastModified": "2026-05-29T08:23:32.000Z", "contentLength": 23593, "httpStatusCode": 200}	e55ddf93-db39-44f4-aaea-46f0db2e996e	\N	{}
bc57effb-c8d6-4aaa-90bb-2cf17bb093ed	item-photos	public/gallery_1780457595299_3.jpg	\N	2026-06-03 03:33:16.373671+00	2026-06-03 03:33:16.373671+00	2026-06-03 03:33:16.373671+00	{"eTag": "\\"b227df3e6e87ff04734262a5516c598f\\"", "size": 54087, "mimetype": "image/jpeg", "cacheControl": "max-age=3600", "lastModified": "2026-06-03T03:33:17.000Z", "contentLength": 54087, "httpStatusCode": 200}	454aa611-2dee-4673-b14a-5298e1bb6313	\N	{}
2ef237ab-088f-49a2-a54c-86cbcc6eb7c0	item-photos	public/Item 85-thumbnail-1780035134270.jpg	\N	2026-05-29 06:12:15.078779+00	2026-05-29 06:12:15.078779+00	2026-05-29 06:12:15.078779+00	{"eTag": "\\"46f4885495c1ed7ca2dbfd4787b06bb6\\"", "size": 30667, "mimetype": "image/jpeg", "cacheControl": "max-age=3600", "lastModified": "2026-05-29T06:12:16.000Z", "contentLength": 30667, "httpStatusCode": 200}	29e910b7-8b00-4005-a970-2e0c46cb0321	\N	{}
c55cecc3-7ca4-4545-a38f-af88446f6cd5	item-photos	public/gallery0_1780043010858.jpg	\N	2026-05-29 08:23:31.693146+00	2026-05-29 08:23:31.693146+00	2026-05-29 08:23:31.693146+00	{"eTag": "\\"01684ca50a85e1a30ca2c261b45466e9\\"", "size": 57334, "mimetype": "image/jpeg", "cacheControl": "max-age=3600", "lastModified": "2026-05-29T08:23:32.000Z", "contentLength": 57334, "httpStatusCode": 200}	1f272e96-ad9e-4f61-8093-6d1600102f5f	\N	{}
6b473130-370c-4a1e-a9ed-2d03657b8921	item-photos	public/thumbnail_1780037078620.jpg	\N	2026-05-29 06:44:39.456611+00	2026-05-29 06:44:39.456611+00	2026-05-29 06:44:39.456611+00	{"eTag": "\\"6a5ee99f31fe3b87e42e758f445aba58\\"", "size": 23593, "mimetype": "image/jpeg", "cacheControl": "max-age=3600", "lastModified": "2026-05-29T06:44:40.000Z", "contentLength": 23593, "httpStatusCode": 200}	7359500e-6380-4a92-ac5d-9fa6709143c3	\N	{}
db7e49dc-5a20-4285-bbce-0e6ba28d270e	item-photos	public/thumbnail_1780037174878.jpg	\N	2026-05-29 06:46:15.327958+00	2026-05-29 06:46:15.327958+00	2026-05-29 06:46:15.327958+00	{"eTag": "\\"01684ca50a85e1a30ca2c261b45466e9\\"", "size": 57334, "mimetype": "image/jpeg", "cacheControl": "max-age=3600", "lastModified": "2026-05-29T06:46:16.000Z", "contentLength": 57334, "httpStatusCode": 200}	2a224913-716e-48f1-a0be-c8682fdd3f10	\N	{}
7ecdc8e0-dcd3-42b1-b351-dda09f52d889	item-photos	public/thumbnail_1780037292303.jpg	\N	2026-05-29 06:48:12.946543+00	2026-05-29 06:48:12.946543+00	2026-05-29 06:48:12.946543+00	{"eTag": "\\"01684ca50a85e1a30ca2c261b45466e9\\"", "size": 57334, "mimetype": "image/jpeg", "cacheControl": "max-age=3600", "lastModified": "2026-05-29T06:48:13.000Z", "contentLength": 57334, "httpStatusCode": 200}	5966f061-98ff-4085-b14f-cd3035b7215e	\N	{}
014056b2-f31d-47ce-83b8-f11675995dcc	item-photos	public/thumbnail_1780037341889.jpg	\N	2026-05-29 06:49:02.302691+00	2026-05-29 06:49:02.302691+00	2026-05-29 06:49:02.302691+00	{"eTag": "\\"6a5ee99f31fe3b87e42e758f445aba58\\"", "size": 23593, "mimetype": "image/jpeg", "cacheControl": "max-age=3600", "lastModified": "2026-05-29T06:49:03.000Z", "contentLength": 23593, "httpStatusCode": 200}	373e21c9-f1a7-4670-8b1b-460ba43bf7fc	\N	{}
55d9d6a4-7b52-4593-bca0-8cfe11c873bf	item-photos	public/thumbnail_1780037468884.jpg	\N	2026-05-29 06:51:09.539517+00	2026-05-29 06:51:09.539517+00	2026-05-29 06:51:09.539517+00	{"eTag": "\\"01684ca50a85e1a30ca2c261b45466e9\\"", "size": 57334, "mimetype": "image/jpeg", "cacheControl": "max-age=3600", "lastModified": "2026-05-29T06:51:10.000Z", "contentLength": 57334, "httpStatusCode": 200}	5b61ccd4-dbff-42be-afe4-76d7db9719bb	\N	{}
bf6c0d31-110e-4d7b-b047-885049551973	item-photos	public/gallery0_1780043009306.jpg	\N	2026-05-29 08:23:30.120693+00	2026-05-29 08:23:30.120693+00	2026-05-29 08:23:30.120693+00	{"eTag": "\\"01684ca50a85e1a30ca2c261b45466e9\\"", "size": 57334, "mimetype": "image/jpeg", "cacheControl": "max-age=3600", "lastModified": "2026-05-29T08:23:31.000Z", "contentLength": 57334, "httpStatusCode": 200}	0a7bf074-856a-4c6c-b133-892b7c68c217	\N	{}
4f6bb9b3-de5a-40c0-98f5-2541ea72d9fb	item-photos	public/thumbnail_1780037532971.jpg	\N	2026-05-29 06:52:13.426156+00	2026-05-29 06:52:13.426156+00	2026-05-29 06:52:13.426156+00	{"eTag": "\\"6a5ee99f31fe3b87e42e758f445aba58\\"", "size": 23593, "mimetype": "image/jpeg", "cacheControl": "max-age=3600", "lastModified": "2026-05-29T06:52:14.000Z", "contentLength": 23593, "httpStatusCode": 200}	c356b06e-5c6a-4549-984c-5d8e8c17227e	\N	{}
3c0a9ef7-92f9-4268-b533-6872b0c4de71	item-photos	public/gallery_1780457595299_4.jpg	\N	2026-06-03 03:33:16.948665+00	2026-06-03 03:33:16.948665+00	2026-06-03 03:33:16.948665+00	{"eTag": "\\"0b22c483b6651017b5c54c37cd0e35d5\\"", "size": 51165, "mimetype": "image/jpeg", "cacheControl": "max-age=3600", "lastModified": "2026-06-03T03:33:17.000Z", "contentLength": 51165, "httpStatusCode": 200}	cf84ed91-cc82-45e8-8eea-8379a65733cb	\N	{}
c5cf022a-2b8e-401d-8b7c-23fa28103ecc	item-photos	public/thumbnail_1780037571256.jpg	\N	2026-05-29 06:52:51.70549+00	2026-05-29 06:52:51.70549+00	2026-05-29 06:52:51.70549+00	{"eTag": "\\"6a5ee99f31fe3b87e42e758f445aba58\\"", "size": 23593, "mimetype": "image/jpeg", "cacheControl": "max-age=3600", "lastModified": "2026-05-29T06:52:52.000Z", "contentLength": 23593, "httpStatusCode": 200}	446c1341-0462-4173-9f0c-bd4c00f4dd62	\N	{}
b52c06c7-299d-44d6-a19a-d7d4a9f8f307	item-photos	public/thumbnail_1780043009603.jpg	\N	2026-05-29 08:23:30.35079+00	2026-05-29 08:23:30.35079+00	2026-05-29 08:23:30.35079+00	{"eTag": "\\"6a5ee99f31fe3b87e42e758f445aba58\\"", "size": 23593, "mimetype": "image/jpeg", "cacheControl": "max-age=3600", "lastModified": "2026-05-29T08:23:31.000Z", "contentLength": 23593, "httpStatusCode": 200}	651817b5-4323-499d-aa8a-7f8f01661e1d	\N	{}
606583db-330b-4ef5-8574-98ee67799c49	item-photos	public/thumbnail_1780037619946.jpg	\N	2026-05-29 06:53:40.400083+00	2026-05-29 06:53:40.400083+00	2026-05-29 06:53:40.400083+00	{"eTag": "\\"6a5ee99f31fe3b87e42e758f445aba58\\"", "size": 23593, "mimetype": "image/jpeg", "cacheControl": "max-age=3600", "lastModified": "2026-05-29T06:53:41.000Z", "contentLength": 23593, "httpStatusCode": 200}	d77c93f7-6cfd-4743-880e-9e811516724d	\N	{}
00250229-dcd2-4bf3-9fb3-9fdfe3a242a9	item-photos	public/gallery0_1780043009583.jpg	\N	2026-05-29 08:23:30.395487+00	2026-05-29 08:23:30.395487+00	2026-05-29 08:23:30.395487+00	{"eTag": "\\"01684ca50a85e1a30ca2c261b45466e9\\"", "size": 57334, "mimetype": "image/jpeg", "cacheControl": "max-age=3600", "lastModified": "2026-05-29T08:23:31.000Z", "contentLength": 57334, "httpStatusCode": 200}	90ec1015-9adb-4a98-80eb-525dcfd9d094	\N	{}
ebb72660-8132-466b-a99c-8878e4c8c6ea	item-photos	public/thumbnail_1780037783365.jpg	\N	2026-05-29 06:56:23.758645+00	2026-05-29 06:56:23.758645+00	2026-05-29 06:56:23.758645+00	{"eTag": "\\"6bef22fffcacf2cdcda635e6b9c6084d\\"", "size": 41134, "mimetype": "image/jpeg", "cacheControl": "max-age=3600", "lastModified": "2026-05-29T06:56:24.000Z", "contentLength": 41134, "httpStatusCode": 200}	90ae64bc-9b00-4a3e-945d-675b68b57fc1	\N	{}
92728edc-562a-4ca5-b8b4-8d88278cd25e	item-photos	public/thumbnail_64_1780476144653.webp	\N	2026-06-03 08:42:24.149629+00	2026-06-03 08:42:24.149629+00	2026-06-03 08:42:24.149629+00	{"eTag": "\\"d474334ca0c30e95cca85db9749c74a7\\"", "size": 6970, "mimetype": "image/webp", "cacheControl": "max-age=3600", "lastModified": "2026-06-03T08:42:25.000Z", "contentLength": 6970, "httpStatusCode": 200}	352477a8-6e4e-4fc7-ba43-5cf0012497c2	\N	{}
d1970a60-abbc-4137-939e-658d9c865aa7	item-photos	public/thumbnail_1780037930581.jpg	\N	2026-05-29 06:58:51.208605+00	2026-05-29 06:58:51.208605+00	2026-05-29 06:58:51.208605+00	{"eTag": "\\"6bef22fffcacf2cdcda635e6b9c6084d\\"", "size": 41134, "mimetype": "image/jpeg", "cacheControl": "max-age=3600", "lastModified": "2026-05-29T06:58:52.000Z", "contentLength": 41134, "httpStatusCode": 200}	bbefe0fb-2f7e-4c5c-97ec-35197ad5f1e0	\N	{}
b24ce286-a369-4926-ba20-46972eebc313	item-photos	public/thumbnail_1780043009951.jpg	\N	2026-05-29 08:23:30.519212+00	2026-05-29 08:23:30.519212+00	2026-05-29 08:23:30.519212+00	{"eTag": "\\"6a5ee99f31fe3b87e42e758f445aba58\\"", "size": 23593, "mimetype": "image/jpeg", "cacheControl": "max-age=3600", "lastModified": "2026-05-29T08:23:31.000Z", "contentLength": 23593, "httpStatusCode": 200}	9166e150-6eaf-4f68-a794-f73a071d805f	\N	{}
a3514191-8ced-46cc-9416-a0467db67f0c	item-photos	public/gallery_1780457595299_5.jpg	\N	2026-06-03 03:33:17.695115+00	2026-06-03 03:33:17.695115+00	2026-06-03 03:33:17.695115+00	{"eTag": "\\"4a627a32e55195cd6aea4ff7d1211713\\"", "size": 43537, "mimetype": "image/jpeg", "cacheControl": "max-age=3600", "lastModified": "2026-06-03T03:33:18.000Z", "contentLength": 43537, "httpStatusCode": 200}	7ecc0058-d735-4ed7-bb03-d32b83452943	\N	{}
b79897a3-aeea-43b5-b648-482f71e1ef23	item-photos	public/gallery0_1780043009918.jpg	\N	2026-05-29 08:23:30.715165+00	2026-05-29 08:23:30.715165+00	2026-05-29 08:23:30.715165+00	{"eTag": "\\"01684ca50a85e1a30ca2c261b45466e9\\"", "size": 57334, "mimetype": "image/jpeg", "cacheControl": "max-age=3600", "lastModified": "2026-05-29T08:23:31.000Z", "contentLength": 57334, "httpStatusCode": 200}	89a358cf-b94d-4bce-b869-bc399ec416c1	\N	{}
35a08aed-e6f1-4515-93c3-427872ad6273	item-photos	public/thumbnail_1780043010476.jpg	\N	2026-05-29 08:23:31.050878+00	2026-05-29 08:23:31.050878+00	2026-05-29 08:23:31.050878+00	{"eTag": "\\"6a5ee99f31fe3b87e42e758f445aba58\\"", "size": 23593, "mimetype": "image/jpeg", "cacheControl": "max-age=3600", "lastModified": "2026-05-29T08:23:32.000Z", "contentLength": 23593, "httpStatusCode": 200}	40128009-cb24-4c61-b399-fddd6a32433c	\N	{}
60a5ddd3-3a2a-4000-a54f-2780d46c9a28	item-photos	public/thumbnail_1780037767131.jpg	\N	2026-05-29 06:56:07.582053+00	2026-05-29 06:56:07.582053+00	2026-05-29 06:56:07.582053+00	{"eTag": "\\"01684ca50a85e1a30ca2c261b45466e9\\"", "size": 57334, "mimetype": "image/jpeg", "cacheControl": "max-age=3600", "lastModified": "2026-05-29T06:56:08.000Z", "contentLength": 57334, "httpStatusCode": 200}	e9118c32-e0b2-41e2-a1c5-c3109cfc376e	\N	{}
88462d91-21a7-41dc-a72e-fb52e53ad5a0	item-photos	public/thumbnail_1780043009768.jpg	\N	2026-05-29 08:23:30.324321+00	2026-05-29 08:23:30.324321+00	2026-05-29 08:23:30.324321+00	{"eTag": "\\"6a5ee99f31fe3b87e42e758f445aba58\\"", "size": 23593, "mimetype": "image/jpeg", "cacheControl": "max-age=3600", "lastModified": "2026-05-29T08:23:31.000Z", "contentLength": 23593, "httpStatusCode": 200}	d7aa5c9f-83e7-4bc3-904a-5d5cd7d9a749	\N	{}
43b481f9-ba1c-41b9-941e-d886888b6ee1	item-photos	public/thumbnail_1780038555147.jpg	\N	2026-05-29 07:09:16.006611+00	2026-05-29 07:09:16.006611+00	2026-05-29 07:09:16.006611+00	{"eTag": "\\"01684ca50a85e1a30ca2c261b45466e9\\"", "size": 57334, "mimetype": "image/jpeg", "cacheControl": "max-age=3600", "lastModified": "2026-05-29T07:09:16.000Z", "contentLength": 57334, "httpStatusCode": 200}	d5b81e3d-cac2-4c2f-a295-a8ea74b6d7fc	\N	{}
742ccb08-1bbb-47fb-ba9b-5f5b9037fa12	item-photos	public/thumbnail_1780043010113.jpg	\N	2026-05-29 08:23:30.735253+00	2026-05-29 08:23:30.735253+00	2026-05-29 08:23:30.735253+00	{"eTag": "\\"6a5ee99f31fe3b87e42e758f445aba58\\"", "size": 23593, "mimetype": "image/jpeg", "cacheControl": "max-age=3600", "lastModified": "2026-05-29T08:23:31.000Z", "contentLength": 23593, "httpStatusCode": 200}	4a5732a9-6914-4b60-a717-9c58be1be2f4	\N	{}
adabc5da-4f6e-4730-ab9f-43e1147bf62f	item-photos	public/thumbnail_1780038572036.jpg	\N	2026-05-29 07:09:33.245148+00	2026-05-29 07:09:33.245148+00	2026-05-29 07:09:33.245148+00	{"eTag": "\\"0b22c483b6651017b5c54c37cd0e35d5\\"", "size": 51165, "mimetype": "image/jpeg", "cacheControl": "max-age=3600", "lastModified": "2026-05-29T07:09:34.000Z", "contentLength": 51165, "httpStatusCode": 200}	4646ba2b-366a-4154-ba7e-019f6d431fc0	\N	{}
a5e1bf3a-55af-458e-834f-5b3b9f69abfa	item-photos	public/gallery0_1780043009965.jpg	\N	2026-05-29 08:23:30.79397+00	2026-05-29 08:23:30.79397+00	2026-05-29 08:23:30.79397+00	{"eTag": "\\"01684ca50a85e1a30ca2c261b45466e9\\"", "size": 57334, "mimetype": "image/jpeg", "cacheControl": "max-age=3600", "lastModified": "2026-05-29T08:23:31.000Z", "contentLength": 57334, "httpStatusCode": 200}	706f3300-cf3c-4ccf-9371-e8e8452d37a8	\N	{}
06ec8af4-62b3-418a-a86e-1fec31854f2f	item-photos	public/thumbnail_1780038577368.jpg	\N	2026-05-29 07:09:38.235605+00	2026-05-29 07:09:38.235605+00	2026-05-29 07:09:38.235605+00	{"eTag": "\\"0b22c483b6651017b5c54c37cd0e35d5\\"", "size": 51165, "mimetype": "image/jpeg", "cacheControl": "max-age=3600", "lastModified": "2026-05-29T07:09:39.000Z", "contentLength": 51165, "httpStatusCode": 200}	b0ab7e94-4c6c-43cf-9b0b-7fdaa171361c	\N	{}
3bd03773-6fc8-4eed-a513-c10264c5dd37	item-photos	public/gallery_1780457595299_6.jpg	\N	2026-06-03 03:33:18.245153+00	2026-06-03 03:33:18.245153+00	2026-06-03 03:33:18.245153+00	{"eTag": "\\"6bef22fffcacf2cdcda635e6b9c6084d\\"", "size": 41134, "mimetype": "image/jpeg", "cacheControl": "max-age=3600", "lastModified": "2026-06-03T03:33:19.000Z", "contentLength": 41134, "httpStatusCode": 200}	f32c2e0c-1281-4348-8fb2-5e3c9d5993aa	\N	{}
93a37638-f7c9-4441-b848-189ca4514311	item-photos	public/thumbnail_1780038729687.jpg	\N	2026-05-29 07:12:10.266838+00	2026-05-29 07:12:10.266838+00	2026-05-29 07:12:10.266838+00	{"eTag": "\\"6a5ee99f31fe3b87e42e758f445aba58\\"", "size": 23593, "mimetype": "image/jpeg", "cacheControl": "max-age=3600", "lastModified": "2026-05-29T07:12:11.000Z", "contentLength": 23593, "httpStatusCode": 200}	2ead0984-5380-4eca-b2ff-e87913524538	\N	{}
2929aa53-db97-463c-a51d-8a1c0fc56291	item-photos	public/thumbnail_1780043010280.jpg	\N	2026-05-29 08:23:30.907287+00	2026-05-29 08:23:30.907287+00	2026-05-29 08:23:30.907287+00	{"eTag": "\\"6a5ee99f31fe3b87e42e758f445aba58\\"", "size": 23593, "mimetype": "image/jpeg", "cacheControl": "max-age=3600", "lastModified": "2026-05-29T08:23:31.000Z", "contentLength": 23593, "httpStatusCode": 200}	44568121-254b-4198-875d-34aa799b8191	\N	{}
3d81338d-5c45-4b76-9c61-ad6c3367c198	item-photos	public/thumbnail_1780038766353.jpg	\N	2026-05-29 07:12:46.979936+00	2026-05-29 07:12:46.979936+00	2026-05-29 07:12:46.979936+00	{"eTag": "\\"6a5ee99f31fe3b87e42e758f445aba58\\"", "size": 23593, "mimetype": "image/jpeg", "cacheControl": "max-age=3600", "lastModified": "2026-05-29T07:12:47.000Z", "contentLength": 23593, "httpStatusCode": 200}	f7f909c6-0acc-44c5-8cc4-4e1a9bc55140	\N	{}
6192a4be-5c33-4672-82ef-3e8055b2cb9e	item-photos	public/thumbnail_1780038780482.jpg	\N	2026-05-29 07:13:01.07093+00	2026-05-29 07:13:01.07093+00	2026-05-29 07:13:01.07093+00	{"eTag": "\\"6a5ee99f31fe3b87e42e758f445aba58\\"", "size": 23593, "mimetype": "image/jpeg", "cacheControl": "max-age=3600", "lastModified": "2026-05-29T07:13:02.000Z", "contentLength": 23593, "httpStatusCode": 200}	6c348485-9efe-4612-9d72-2adb13bdb9d6	\N	{}
19bae4cd-0cc9-44f7-af75-732c87299beb	item-photos	public/thumbnail_1780038825857.jpg	\N	2026-05-29 07:13:46.421403+00	2026-05-29 07:13:46.421403+00	2026-05-29 07:13:46.421403+00	{"eTag": "\\"6a5ee99f31fe3b87e42e758f445aba58\\"", "size": 23593, "mimetype": "image/jpeg", "cacheControl": "max-age=3600", "lastModified": "2026-05-29T07:13:47.000Z", "contentLength": 23593, "httpStatusCode": 200}	cbcf537d-ed3f-4cd2-80a4-f9e7f68d9b75	\N	{}
966ba65b-d023-4178-acae-530c0acbb52a	item-photos	public/thumbnail_1780038869182.jpg	\N	2026-05-29 07:14:29.720644+00	2026-05-29 07:14:29.720644+00	2026-05-29 07:14:29.720644+00	{"eTag": "\\"6a5ee99f31fe3b87e42e758f445aba58\\"", "size": 23593, "mimetype": "image/jpeg", "cacheControl": "max-age=3600", "lastModified": "2026-05-29T07:14:30.000Z", "contentLength": 23593, "httpStatusCode": 200}	4d86e0a0-3e87-4062-8553-99d184e4ec1a	\N	{}
9fa80892-c4a5-4f35-a838-3b67e5ee0c78	item-photos	public/thumbnail_1780041763529.jpg	\N	2026-05-29 08:02:44.442053+00	2026-05-29 08:02:44.442053+00	2026-05-29 08:02:44.442053+00	{"eTag": "\\"b227df3e6e87ff04734262a5516c598f\\"", "size": 54087, "mimetype": "image/jpeg", "cacheControl": "max-age=3600", "lastModified": "2026-05-29T08:02:45.000Z", "contentLength": 54087, "httpStatusCode": 200}	b936e0b6-b1d0-48d3-a4de-562df2179110	\N	{}
4fc5ce8f-8e2e-4ea4-869f-6f5793466707	item-photos	public/gallery0_1780041764265.jpg	\N	2026-05-29 08:02:45.193181+00	2026-05-29 08:02:45.193181+00	2026-05-29 08:02:45.193181+00	{"eTag": "\\"0b22c483b6651017b5c54c37cd0e35d5\\"", "size": 51165, "mimetype": "image/jpeg", "cacheControl": "max-age=3600", "lastModified": "2026-05-29T08:02:46.000Z", "contentLength": 51165, "httpStatusCode": 200}	0093eff9-98a1-4f15-82be-7f7d1be3b29b	\N	{}
25f9eb10-ef90-4ee2-b029-2c6bdeadb9ff	item-photos	public/gallery1_1780041765027.jpg	\N	2026-05-29 08:02:46.023471+00	2026-05-29 08:02:46.023471+00	2026-05-29 08:02:46.023471+00	{"eTag": "\\"4a627a32e55195cd6aea4ff7d1211713\\"", "size": 43537, "mimetype": "image/jpeg", "cacheControl": "max-age=3600", "lastModified": "2026-05-29T08:02:46.000Z", "contentLength": 43537, "httpStatusCode": 200}	905d265a-6b08-481d-952b-b0c5f27cd1ad	\N	{}
d90db5e8-0daf-4a3a-bce5-bbedc9867140	item-photos	public/gallery0_1780043010144.jpg	\N	2026-05-29 08:23:31.051545+00	2026-05-29 08:23:31.051545+00	2026-05-29 08:23:31.051545+00	{"eTag": "\\"01684ca50a85e1a30ca2c261b45466e9\\"", "size": 57334, "mimetype": "image/jpeg", "cacheControl": "max-age=3600", "lastModified": "2026-05-29T08:23:31.000Z", "contentLength": 57334, "httpStatusCode": 200}	ea524eb9-0eeb-4db5-98d6-5c332c78da72	\N	{}
7c3e84ab-d2d6-46b0-9235-30a6ae2a1644	item-photos	public/gallery2_1780041765853.jpg	\N	2026-05-29 08:02:46.891889+00	2026-05-29 08:02:46.891889+00	2026-05-29 08:02:46.891889+00	{"eTag": "\\"6bef22fffcacf2cdcda635e6b9c6084d\\"", "size": 41134, "mimetype": "image/jpeg", "cacheControl": "max-age=3600", "lastModified": "2026-05-29T08:02:47.000Z", "contentLength": 41134, "httpStatusCode": 200}	1f014bd0-9b0a-40ea-b00d-19a52f2375f3	\N	{}
a099de27-cfb8-4202-afd4-c076e010c15c	item-photos	public/gallery_1780457595299_7.jpg	\N	2026-06-03 03:33:19.612945+00	2026-06-03 03:33:19.612945+00	2026-06-03 03:33:19.612945+00	{"eTag": "\\"796f80d45e828ca3b86740d2c03d9d96\\"", "size": 99296, "mimetype": "image/png", "cacheControl": "max-age=3600", "lastModified": "2026-06-03T03:33:20.000Z", "contentLength": 99296, "httpStatusCode": 200}	3abadeaf-40b6-4aea-8eef-46942b3e1d74	\N	{}
15b90647-d70d-417a-a4e9-e20740fd918d	item-photos	public/gallery3_1780041766710.jpg	\N	2026-05-29 08:02:48.368803+00	2026-05-29 08:02:48.368803+00	2026-05-29 08:02:48.368803+00	{"eTag": "\\"a2394a419597115469610469d2c44c8a\\"", "size": 99241, "mimetype": "image/png", "cacheControl": "max-age=3600", "lastModified": "2026-05-29T08:02:49.000Z", "contentLength": 99241, "httpStatusCode": 200}	467df63f-b1ed-4d0c-bd02-6bb88da694ab	\N	{}
f866b932-b95c-4a4e-ab16-b6f4e425c04d	item-photos	public/gallery0_1780043010566.jpg	\N	2026-05-29 08:23:31.381844+00	2026-05-29 08:23:31.381844+00	2026-05-29 08:23:31.381844+00	{"eTag": "\\"01684ca50a85e1a30ca2c261b45466e9\\"", "size": 57334, "mimetype": "image/jpeg", "cacheControl": "max-age=3600", "lastModified": "2026-05-29T08:23:32.000Z", "contentLength": 57334, "httpStatusCode": 200}	1b6ff883-5408-44a1-9578-98b5290f917b	\N	{}
fca6ba7c-e249-4c8a-b1ea-ad625e13eb72	item-photos	public/thumbnail_1780042427591.jpg	\N	2026-05-29 08:13:48.289977+00	2026-05-29 08:13:48.289977+00	2026-05-29 08:13:48.289977+00	{"eTag": "\\"6a5ee99f31fe3b87e42e758f445aba58\\"", "size": 23593, "mimetype": "image/jpeg", "cacheControl": "max-age=3600", "lastModified": "2026-05-29T08:13:49.000Z", "contentLength": 23593, "httpStatusCode": 200}	2d24858b-6758-4e38-8447-5c9fee226910	\N	{}
9c804885-d520-4965-9b75-56380e8a836e	item-photos	public/gallery0_1780043010336.jpg	\N	2026-05-29 08:23:31.421873+00	2026-05-29 08:23:31.421873+00	2026-05-29 08:23:31.421873+00	{"eTag": "\\"01684ca50a85e1a30ca2c261b45466e9\\"", "size": 57334, "mimetype": "image/jpeg", "cacheControl": "max-age=3600", "lastModified": "2026-05-29T08:23:32.000Z", "contentLength": 57334, "httpStatusCode": 200}	94f7cd7c-5a63-42a3-bdc6-f43530f18a03	\N	{}
ea18669b-7aae-4c7a-8667-1208ef2b15f4	item-photos	public/gallery0_1780042428098.jpg	\N	2026-05-29 08:13:49.227483+00	2026-05-29 08:13:49.227483+00	2026-05-29 08:13:49.227483+00	{"eTag": "\\"4a627a32e55195cd6aea4ff7d1211713\\"", "size": 43537, "mimetype": "image/jpeg", "cacheControl": "max-age=3600", "lastModified": "2026-05-29T08:13:50.000Z", "contentLength": 43537, "httpStatusCode": 200}	b74dbeea-b43c-4ded-9d3d-ce6cca096005	\N	{}
2d85bf35-3720-4d4a-9fbf-55dbaedfb86d	item-photos	public/thumbnail_64_1780476148283.webp	\N	2026-06-03 08:42:27.738911+00	2026-06-03 08:42:27.738911+00	2026-06-03 08:42:27.738911+00	{"eTag": "\\"4ba6d37661473dd96cbc0a6e11df9e6b\\"", "size": 5248, "mimetype": "image/webp", "cacheControl": "max-age=3600", "lastModified": "2026-06-03T08:42:28.000Z", "contentLength": 5248, "httpStatusCode": 200}	e51f0f4d-3215-48c9-93e2-d28a48649f3d	\N	{}
b78dc710-2bbf-4b16-b426-60dacc49ac52	item-photos	public/gallery1_1780042429034.jpg	\N	2026-05-29 08:13:50.014229+00	2026-05-29 08:13:50.014229+00	2026-05-29 08:13:50.014229+00	{"eTag": "\\"6bef22fffcacf2cdcda635e6b9c6084d\\"", "size": 41134, "mimetype": "image/jpeg", "cacheControl": "max-age=3600", "lastModified": "2026-05-29T08:13:50.000Z", "contentLength": 41134, "httpStatusCode": 200}	5e5ed1d7-48f7-488d-b1a3-a04e19a972af	\N	{}
33538c5e-5059-4bd1-a329-f8241fbf88a2	item-photos	public/gallery2_1780042429839.jpg	\N	2026-05-29 08:13:51.687365+00	2026-05-29 08:13:51.687365+00	2026-05-29 08:13:51.687365+00	{"eTag": "\\"3ea81c4e8ab8f67d2179454f2a2ed140\\"", "size": 99267, "mimetype": "image/png", "cacheControl": "max-age=3600", "lastModified": "2026-05-29T08:13:52.000Z", "contentLength": 99267, "httpStatusCode": 200}	f60be47e-6c26-4eba-86b0-833212f84d98	\N	{}
d08ce629-187a-4f21-b717-91731483c8c7	item-photos	public/gallery0_1780043010723.jpg	\N	2026-05-29 08:23:31.633977+00	2026-05-29 08:23:31.633977+00	2026-05-29 08:23:31.633977+00	{"eTag": "\\"01684ca50a85e1a30ca2c261b45466e9\\"", "size": 57334, "mimetype": "image/jpeg", "cacheControl": "max-age=3600", "lastModified": "2026-05-29T08:23:32.000Z", "contentLength": 57334, "httpStatusCode": 200}	78f7cded-1888-4b62-8b75-a7092a995b21	\N	{}
a322ddef-d494-4da8-8e8a-5687808fc476	item-photos	public/thumbnail_1780042534138.jpg	\N	2026-05-29 08:15:35.847888+00	2026-05-29 08:15:35.847888+00	2026-05-29 08:15:35.847888+00	{"eTag": "\\"69c7195d6c5bc2034e8487308dd88cef\\"", "size": 81813, "mimetype": "image/jpeg", "cacheControl": "max-age=3600", "lastModified": "2026-05-29T08:15:36.000Z", "contentLength": 81813, "httpStatusCode": 200}	b9558a31-e5bf-4b15-92e2-12fcffd82e09	\N	{}
eb6a3148-ef8c-496f-933a-59687cefd5e3	item-photos	public/gallery0_1780042535668.jpg	\N	2026-05-29 08:15:36.676056+00	2026-05-29 08:15:36.676056+00	2026-05-29 08:15:36.676056+00	{"eTag": "\\"0b22c483b6651017b5c54c37cd0e35d5\\"", "size": 51165, "mimetype": "image/jpeg", "cacheControl": "max-age=3600", "lastModified": "2026-05-29T08:15:37.000Z", "contentLength": 51165, "httpStatusCode": 200}	4b26c013-2076-4d45-ab0b-bdbdd9f64a8b	\N	{}
5632e240-a0ed-4c2f-8384-f4ac98554120	item-photos	public/gallery1_1780042536488.jpg	\N	2026-05-29 08:15:37.479163+00	2026-05-29 08:15:37.479163+00	2026-05-29 08:15:37.479163+00	{"eTag": "\\"4a627a32e55195cd6aea4ff7d1211713\\"", "size": 43537, "mimetype": "image/jpeg", "cacheControl": "max-age=3600", "lastModified": "2026-05-29T08:15:38.000Z", "contentLength": 43537, "httpStatusCode": 200}	4c948ed0-c80a-43c6-938e-a41ee1bf882b	\N	{}
1c596e27-53a9-4392-b5ee-f62a98075f12	item-photos	public/gallery2_1780042537289.jpg	\N	2026-05-29 08:15:38.081221+00	2026-05-29 08:15:38.081221+00	2026-05-29 08:15:38.081221+00	{"eTag": "\\"6bef22fffcacf2cdcda635e6b9c6084d\\"", "size": 41134, "mimetype": "image/jpeg", "cacheControl": "max-age=3600", "lastModified": "2026-05-29T08:15:39.000Z", "contentLength": 41134, "httpStatusCode": 200}	c72621c9-df29-471e-8779-489a9b73b58b	\N	{}
7544c371-88a0-4f26-8be1-64862a543b8d	item-photos	public/gallery3_1780042537902.jpg	\N	2026-05-29 08:15:39.716393+00	2026-05-29 08:15:39.716393+00	2026-05-29 08:15:39.716393+00	{"eTag": "\\"4d5e857a2743492afc57e92a25da520a\\"", "size": 99245, "mimetype": "image/png", "cacheControl": "max-age=3600", "lastModified": "2026-05-29T08:15:40.000Z", "contentLength": 99245, "httpStatusCode": 200}	40095d51-92c6-4156-9cd7-0e7b326ae018	\N	{}
9695c7a2-6b41-49ec-a5a1-ba4dcb663021	item-photos	public/thumbnail_1780043011111.jpg	\N	2026-05-29 08:23:31.70985+00	2026-05-29 08:23:31.70985+00	2026-05-29 08:23:31.70985+00	{"eTag": "\\"6a5ee99f31fe3b87e42e758f445aba58\\"", "size": 23593, "mimetype": "image/jpeg", "cacheControl": "max-age=3600", "lastModified": "2026-05-29T08:23:32.000Z", "contentLength": 23593, "httpStatusCode": 200}	05dfd300-2e9d-4e7c-a054-4b8011b04d86	\N	{}
f147f6b7-b28b-41bc-ad58-32ef899f378d	item-photos	public/thumbnail_1780042668435.jpg	\N	2026-05-29 08:17:50.08036+00	2026-05-29 08:17:50.08036+00	2026-05-29 08:17:50.08036+00	{"eTag": "\\"69c7195d6c5bc2034e8487308dd88cef\\"", "size": 81813, "mimetype": "image/jpeg", "cacheControl": "max-age=3600", "lastModified": "2026-05-29T08:17:51.000Z", "contentLength": 81813, "httpStatusCode": 200}	f1a49f20-f812-47db-9970-5ca60fc05f26	\N	{}
ca8a2037-517d-4aee-bbf0-b6cca42abbf6	item-photos	public/thumbnail_1780457624356.jpg	\N	2026-06-03 03:33:43.870447+00	2026-06-03 03:33:43.870447+00	2026-06-03 03:33:43.870447+00	{"eTag": "\\"6a5ee99f31fe3b87e42e758f445aba58\\"", "size": 23593, "mimetype": "image/jpeg", "cacheControl": "max-age=3600", "lastModified": "2026-06-03T03:33:44.000Z", "contentLength": 23593, "httpStatusCode": 200}	fb4fff44-e075-4d46-a264-fa38e751e624	\N	{}
70ab2d11-f351-46ca-ab08-2443f1aa2487	item-photos	public/gallery0_1780042669900.jpg	\N	2026-05-29 08:17:50.699586+00	2026-05-29 08:17:50.699586+00	2026-05-29 08:17:50.699586+00	{"eTag": "\\"0b22c483b6651017b5c54c37cd0e35d5\\"", "size": 51165, "mimetype": "image/jpeg", "cacheControl": "max-age=3600", "lastModified": "2026-05-29T08:17:51.000Z", "contentLength": 51165, "httpStatusCode": 200}	fd512e14-0777-48aa-8cee-d8fc38943df8	\N	{}
d6277095-bdb9-407d-a133-25b3ca4821e1	item-photos	public/gallery1_1780042670515.jpg	\N	2026-05-29 08:17:51.404476+00	2026-05-29 08:17:51.404476+00	2026-05-29 08:17:51.404476+00	{"eTag": "\\"4a627a32e55195cd6aea4ff7d1211713\\"", "size": 43537, "mimetype": "image/jpeg", "cacheControl": "max-age=3600", "lastModified": "2026-05-29T08:17:52.000Z", "contentLength": 43537, "httpStatusCode": 200}	dc9d21b3-2858-40ce-86b6-36719cc8de53	\N	{}
563b16d6-48e6-41c4-8deb-0842fda81d42	item-photos	public/gallery0_1780043011193.jpg	\N	2026-05-29 08:23:31.910934+00	2026-05-29 08:23:31.910934+00	2026-05-29 08:23:31.910934+00	{"eTag": "\\"01684ca50a85e1a30ca2c261b45466e9\\"", "size": 57334, "mimetype": "image/jpeg", "cacheControl": "max-age=3600", "lastModified": "2026-05-29T08:23:32.000Z", "contentLength": 57334, "httpStatusCode": 200}	879d8cc3-7f13-4dbe-92a4-4640176d136b	\N	{}
138111a5-9a27-424b-b4ba-dee7e0eb2b69	item-photos	public/gallery2_1780042671221.jpg	\N	2026-05-29 08:17:52.082704+00	2026-05-29 08:17:52.082704+00	2026-05-29 08:17:52.082704+00	{"eTag": "\\"6bef22fffcacf2cdcda635e6b9c6084d\\"", "size": 41134, "mimetype": "image/jpeg", "cacheControl": "max-age=3600", "lastModified": "2026-05-29T08:17:53.000Z", "contentLength": 41134, "httpStatusCode": 200}	96c0333e-8f9f-43d2-bfcc-3470edff9079	\N	{}
43884563-dbf1-4224-bcf5-fc9532389e72	item-photos	public/gallery_1780457624844_0.jpg	\N	2026-06-03 03:33:44.521484+00	2026-06-03 03:33:44.521484+00	2026-06-03 03:33:44.521484+00	{"eTag": "\\"0b22c483b6651017b5c54c37cd0e35d5\\"", "size": 51165, "mimetype": "image/jpeg", "cacheControl": "max-age=3600", "lastModified": "2026-06-03T03:33:45.000Z", "contentLength": 51165, "httpStatusCode": 200}	d634224e-7267-4fca-b7ae-8957e6fc9a53	\N	{}
760294cc-37aa-4dde-8df8-890ae9186389	item-photos	public/gallery3_1780042672001.jpg	\N	2026-05-29 08:17:53.726239+00	2026-05-29 08:17:53.726239+00	2026-05-29 08:17:53.726239+00	{"eTag": "\\"60fa7d389b8ce929becbb1846899652f\\"", "size": 99267, "mimetype": "image/png", "cacheControl": "max-age=3600", "lastModified": "2026-05-29T08:17:54.000Z", "contentLength": 99267, "httpStatusCode": 200}	4f7cd30c-94b8-4d6f-83fd-67202829da21	\N	{}
74cb5f94-4986-4ed4-8e5f-b8a2c0db9c71	item-photos	public/gallery0_1780043011515.jpg	\N	2026-05-29 08:23:32.167793+00	2026-05-29 08:23:32.167793+00	2026-05-29 08:23:32.167793+00	{"eTag": "\\"01684ca50a85e1a30ca2c261b45466e9\\"", "size": 57334, "mimetype": "image/jpeg", "cacheControl": "max-age=3600", "lastModified": "2026-05-29T08:23:33.000Z", "contentLength": 57334, "httpStatusCode": 200}	efb5757f-8951-4469-949e-15b6e5c071be	\N	{}
77cef795-b4e3-4671-abb9-64b118e7410b	item-photos	public/thumbnail_1780042952290.jpg	\N	2026-05-29 08:22:33.093991+00	2026-05-29 08:22:33.093991+00	2026-05-29 08:22:33.093991+00	{"eTag": "\\"6a5ee99f31fe3b87e42e758f445aba58\\"", "size": 23593, "mimetype": "image/jpeg", "cacheControl": "max-age=3600", "lastModified": "2026-05-29T08:22:34.000Z", "contentLength": 23593, "httpStatusCode": 200}	554b1987-8d7e-4609-8364-4e2c5f8c2c4b	\N	{}
1bea287d-45a5-4705-9851-ac6616cf80bb	item-photos	public/thumbnail_1780042962145.jpg	\N	2026-05-29 08:22:42.685369+00	2026-05-29 08:22:42.685369+00	2026-05-29 08:22:42.685369+00	{"eTag": "\\"6a5ee99f31fe3b87e42e758f445aba58\\"", "size": 23593, "mimetype": "image/jpeg", "cacheControl": "max-age=3600", "lastModified": "2026-05-29T08:22:43.000Z", "contentLength": 23593, "httpStatusCode": 200}	0dbabe79-aa34-4af4-9e48-e067ffd3a165	\N	{}
6c01a94c-c2a7-4262-9327-a7131dbdf608	item-photos	public/thumbnail_1780042962284.jpg	\N	2026-05-29 08:22:42.84977+00	2026-05-29 08:22:42.84977+00	2026-05-29 08:22:42.84977+00	{"eTag": "\\"6a5ee99f31fe3b87e42e758f445aba58\\"", "size": 23593, "mimetype": "image/jpeg", "cacheControl": "max-age=3600", "lastModified": "2026-05-29T08:22:43.000Z", "contentLength": 23593, "httpStatusCode": 200}	2425aa8f-a40c-4f28-872a-f8337d70786d	\N	{}
cf708a12-eb94-447b-b55c-b9b17c62febb	item-photos	public/thumbnail_1780042962429.jpg	\N	2026-05-29 08:22:42.959599+00	2026-05-29 08:22:42.959599+00	2026-05-29 08:22:42.959599+00	{"eTag": "\\"6a5ee99f31fe3b87e42e758f445aba58\\"", "size": 23593, "mimetype": "image/jpeg", "cacheControl": "max-age=3600", "lastModified": "2026-05-29T08:22:43.000Z", "contentLength": 23593, "httpStatusCode": 200}	72b634e3-4c9d-46c0-b284-5336c73716e6	\N	{}
6af6cf9d-34ff-4785-bf52-8c6f7c937835	item-photos	public/thumbnail_1780042962593.jpg	\N	2026-05-29 08:22:43.130569+00	2026-05-29 08:22:43.130569+00	2026-05-29 08:22:43.130569+00	{"eTag": "\\"6a5ee99f31fe3b87e42e758f445aba58\\"", "size": 23593, "mimetype": "image/jpeg", "cacheControl": "max-age=3600", "lastModified": "2026-05-29T08:22:44.000Z", "contentLength": 23593, "httpStatusCode": 200}	855e6f05-c5de-488e-a9ea-1c3ab7c0d33f	\N	{}
eb1e8fee-7524-47aa-8650-e01365a01114	item-photos	public/thumbnail_1780042962765.jpg	\N	2026-05-29 08:22:43.296545+00	2026-05-29 08:22:43.296545+00	2026-05-29 08:22:43.296545+00	{"eTag": "\\"6a5ee99f31fe3b87e42e758f445aba58\\"", "size": 23593, "mimetype": "image/jpeg", "cacheControl": "max-age=3600", "lastModified": "2026-05-29T08:22:44.000Z", "contentLength": 23593, "httpStatusCode": 200}	636e5d92-a46d-4667-a4d1-c3f1f8c4ff0e	\N	{}
ac608468-6896-45fb-9b97-f2d64da0b84b	item-photos	public/thumbnail_1780043011135.jpg	\N	2026-05-29 08:23:31.927686+00	2026-05-29 08:23:31.927686+00	2026-05-29 08:23:31.927686+00	{"eTag": "\\"6a5ee99f31fe3b87e42e758f445aba58\\"", "size": 23593, "mimetype": "image/jpeg", "cacheControl": "max-age=3600", "lastModified": "2026-05-29T08:23:32.000Z", "contentLength": 23593, "httpStatusCode": 200}	c05c2e38-b381-4aa0-8346-aa5319028f41	\N	{}
efedd8c0-1905-4951-9ff9-70b187ffbc0f	item-photos	public/thumbnail_1780042962920.jpg	\N	2026-05-29 08:22:43.528195+00	2026-05-29 08:22:43.528195+00	2026-05-29 08:22:43.528195+00	{"eTag": "\\"6a5ee99f31fe3b87e42e758f445aba58\\"", "size": 23593, "mimetype": "image/jpeg", "cacheControl": "max-age=3600", "lastModified": "2026-05-29T08:22:44.000Z", "contentLength": 23593, "httpStatusCode": 200}	b8f3ffc2-2d49-4004-804c-5af92d63b142	\N	{}
9a704936-5344-4b41-90fc-4de9b29e6c8f	item-photos	public/thumbnail_1780044334818.jpg	\N	2026-05-29 08:45:36.042628+00	2026-05-29 08:45:36.042628+00	2026-05-29 08:45:36.042628+00	{"eTag": "\\"b227df3e6e87ff04734262a5516c598f\\"", "size": 54087, "mimetype": "image/jpeg", "cacheControl": "max-age=3600", "lastModified": "2026-05-29T08:45:36.000Z", "contentLength": 54087, "httpStatusCode": 200}	b9c80278-0724-4b91-be32-a67c073f0e10	\N	{}
aa849ca8-660c-49f9-a6b5-7c3813791b59	item-photos	public/thumbnail_1780042963090.jpg	\N	2026-05-29 08:22:43.639875+00	2026-05-29 08:22:43.639875+00	2026-05-29 08:22:43.639875+00	{"eTag": "\\"6a5ee99f31fe3b87e42e758f445aba58\\"", "size": 23593, "mimetype": "image/jpeg", "cacheControl": "max-age=3600", "lastModified": "2026-05-29T08:22:44.000Z", "contentLength": 23593, "httpStatusCode": 200}	1dd3b534-0235-46ae-afa7-890e2c890aba	\N	{}
68b6cbb8-4297-45d7-a261-c700b71eb4f2	item-photos	public/gallery_1780457624844_1.jpg	\N	2026-06-03 03:33:45.241333+00	2026-06-03 03:33:45.241333+00	2026-06-03 03:33:45.241333+00	{"eTag": "\\"4a627a32e55195cd6aea4ff7d1211713\\"", "size": 43537, "mimetype": "image/jpeg", "cacheControl": "max-age=3600", "lastModified": "2026-06-03T03:33:46.000Z", "contentLength": 43537, "httpStatusCode": 200}	a71e1e3b-403e-4e86-bb5d-777e469e9c80	\N	{}
477800ff-48bd-4d82-b0f6-5fa49ad495ce	item-photos	public/thumbnail_1780042967832.jpg	\N	2026-05-29 08:22:48.337303+00	2026-05-29 08:22:48.337303+00	2026-05-29 08:22:48.337303+00	{"eTag": "\\"6a5ee99f31fe3b87e42e758f445aba58\\"", "size": 23593, "mimetype": "image/jpeg", "cacheControl": "max-age=3600", "lastModified": "2026-05-29T08:22:49.000Z", "contentLength": 23593, "httpStatusCode": 200}	c4715af9-eafe-466e-a33a-b01cc20aa74c	\N	{}
e95af051-9003-4e4a-a269-1f14ef240ec0	item-photos	public/gallery0_1780044335847.jpg	\N	2026-05-29 08:45:36.670217+00	2026-05-29 08:45:36.670217+00	2026-05-29 08:45:36.670217+00	{"eTag": "\\"0b22c483b6651017b5c54c37cd0e35d5\\"", "size": 51165, "mimetype": "image/jpeg", "cacheControl": "max-age=3600", "lastModified": "2026-05-29T08:45:37.000Z", "contentLength": 51165, "httpStatusCode": 200}	fde0f0cf-4737-4cc4-8a8a-915510188841	\N	{}
238d88d3-dd0f-4a76-8a0b-10f7ef33efa8	item-photos	public/thumbnail_1780042967986.jpg	\N	2026-05-29 08:22:48.486221+00	2026-05-29 08:22:48.486221+00	2026-05-29 08:22:48.486221+00	{"eTag": "\\"6a5ee99f31fe3b87e42e758f445aba58\\"", "size": 23593, "mimetype": "image/jpeg", "cacheControl": "max-age=3600", "lastModified": "2026-05-29T08:22:49.000Z", "contentLength": 23593, "httpStatusCode": 200}	aad461d4-4852-40da-9f7c-462b0cae70f3	\N	{}
0992504a-19d0-4f18-b4f5-38b6274c494d	item-photos	public/thumbnail_64_1780476177602.webp	\N	2026-06-03 08:42:57.317167+00	2026-06-03 08:42:57.317167+00	2026-06-03 08:42:57.317167+00	{"eTag": "\\"d474334ca0c30e95cca85db9749c74a7\\"", "size": 6970, "mimetype": "image/webp", "cacheControl": "max-age=3600", "lastModified": "2026-06-03T08:42:58.000Z", "contentLength": 6970, "httpStatusCode": 200}	0481613e-67b9-4d07-882d-ba868bb9ddfa	\N	{}
2c9f5a81-e15d-40f5-89f5-ffd76fb66897	item-photos	public/thumbnail_1780042968163.jpg	\N	2026-05-29 08:22:48.660252+00	2026-05-29 08:22:48.660252+00	2026-05-29 08:22:48.660252+00	{"eTag": "\\"6a5ee99f31fe3b87e42e758f445aba58\\"", "size": 23593, "mimetype": "image/jpeg", "cacheControl": "max-age=3600", "lastModified": "2026-05-29T08:22:49.000Z", "contentLength": 23593, "httpStatusCode": 200}	00bf2a22-aff8-4d2c-94aa-498a1515f84f	\N	{}
cf0d0e26-f7bd-433c-ace8-3912f7ae66bd	item-photos	public/gallery1_1780044336470.jpg	\N	2026-05-29 08:45:37.450545+00	2026-05-29 08:45:37.450545+00	2026-05-29 08:45:37.450545+00	{"eTag": "\\"4a627a32e55195cd6aea4ff7d1211713\\"", "size": 43537, "mimetype": "image/jpeg", "cacheControl": "max-age=3600", "lastModified": "2026-05-29T08:45:38.000Z", "contentLength": 43537, "httpStatusCode": 200}	d6647814-af18-4616-b680-7cde5fad9fa7	\N	{}
ca237032-af60-46e5-ade8-db85077839f7	item-photos	public/thumbnail_1780042968317.jpg	\N	2026-05-29 08:22:48.780656+00	2026-05-29 08:22:48.780656+00	2026-05-29 08:22:48.780656+00	{"eTag": "\\"6a5ee99f31fe3b87e42e758f445aba58\\"", "size": 23593, "mimetype": "image/jpeg", "cacheControl": "max-age=3600", "lastModified": "2026-05-29T08:22:49.000Z", "contentLength": 23593, "httpStatusCode": 200}	3e07ce9d-5d8c-4cc7-80b9-8b47bf782368	\N	{}
5b506544-f028-476e-83fc-4ee22925b726	item-photos	public/thumbnail_1780042968474.jpg	\N	2026-05-29 08:22:48.948437+00	2026-05-29 08:22:48.948437+00	2026-05-29 08:22:48.948437+00	{"eTag": "\\"6a5ee99f31fe3b87e42e758f445aba58\\"", "size": 23593, "mimetype": "image/jpeg", "cacheControl": "max-age=3600", "lastModified": "2026-05-29T08:22:49.000Z", "contentLength": 23593, "httpStatusCode": 200}	a2340e0b-9420-4919-8caa-dcc679500cbc	\N	{}
e3c2b0d7-44e1-447f-982b-aebac6781ed7	item-photos	public/thumbnail_1780042968632.jpg	\N	2026-05-29 08:22:49.172523+00	2026-05-29 08:22:49.172523+00	2026-05-29 08:22:49.172523+00	{"eTag": "\\"6a5ee99f31fe3b87e42e758f445aba58\\"", "size": 23593, "mimetype": "image/jpeg", "cacheControl": "max-age=3600", "lastModified": "2026-05-29T08:22:50.000Z", "contentLength": 23593, "httpStatusCode": 200}	b1e7497c-660e-4fa5-9b7e-ac96d116f520	\N	{}
bee51e89-8569-4eb7-865f-7a0612fbaeda	item-photos	public/thumbnail_1780042968800.jpg	\N	2026-05-29 08:22:49.3323+00	2026-05-29 08:22:49.3323+00	2026-05-29 08:22:49.3323+00	{"eTag": "\\"6a5ee99f31fe3b87e42e758f445aba58\\"", "size": 23593, "mimetype": "image/jpeg", "cacheControl": "max-age=3600", "lastModified": "2026-05-29T08:22:50.000Z", "contentLength": 23593, "httpStatusCode": 200}	66119fcb-8858-440e-9952-4b3eea479eb5	\N	{}
d898d579-fd8c-4637-9cc9-044f84d0e8cb	item-photos	public/thumbnail_1780042968967.jpg	\N	2026-05-29 08:22:49.521242+00	2026-05-29 08:22:49.521242+00	2026-05-29 08:22:49.521242+00	{"eTag": "\\"6a5ee99f31fe3b87e42e758f445aba58\\"", "size": 23593, "mimetype": "image/jpeg", "cacheControl": "max-age=3600", "lastModified": "2026-05-29T08:22:50.000Z", "contentLength": 23593, "httpStatusCode": 200}	d4df0eba-b274-4567-8e33-3b2b10c96f68	\N	{}
e6cdd850-ffec-4966-83ba-86203812fd5b	item-photos	public/thumbnail_1780042969136.jpg	\N	2026-05-29 08:22:49.67192+00	2026-05-29 08:22:49.67192+00	2026-05-29 08:22:49.67192+00	{"eTag": "\\"6a5ee99f31fe3b87e42e758f445aba58\\"", "size": 23593, "mimetype": "image/jpeg", "cacheControl": "max-age=3600", "lastModified": "2026-05-29T08:22:50.000Z", "contentLength": 23593, "httpStatusCode": 200}	3b91b356-074a-4ee5-886b-6117741bacdf	\N	{}
5d866874-b834-47c7-a9f0-ce94d1171f2a	item-photos	public/gallery0_1780043011745.jpg	\N	2026-05-29 08:23:32.408121+00	2026-05-29 08:23:32.408121+00	2026-05-29 08:23:32.408121+00	{"eTag": "\\"01684ca50a85e1a30ca2c261b45466e9\\"", "size": 57334, "mimetype": "image/jpeg", "cacheControl": "max-age=3600", "lastModified": "2026-05-29T08:23:33.000Z", "contentLength": 57334, "httpStatusCode": 200}	2a89465e-197c-4730-99f0-0ce12a65f3e6	\N	{}
8f69807f-8e25-49c3-b478-038a6762344b	item-photos	public/thumbnail_1780042969302.jpg	\N	2026-05-29 08:22:49.804147+00	2026-05-29 08:22:49.804147+00	2026-05-29 08:22:49.804147+00	{"eTag": "\\"6a5ee99f31fe3b87e42e758f445aba58\\"", "size": 23593, "mimetype": "image/jpeg", "cacheControl": "max-age=3600", "lastModified": "2026-05-29T08:22:50.000Z", "contentLength": 23593, "httpStatusCode": 200}	d885c6be-9083-45cd-9744-e620a4421f3e	\N	{}
3dae57d9-3eb7-46c4-bd12-b358201f6fee	item-photos	public/gallery_1780457624844_2.jpg	\N	2026-06-03 03:33:45.810786+00	2026-06-03 03:33:45.810786+00	2026-06-03 03:33:45.810786+00	{"eTag": "\\"6bef22fffcacf2cdcda635e6b9c6084d\\"", "size": 41134, "mimetype": "image/jpeg", "cacheControl": "max-age=3600", "lastModified": "2026-06-03T03:33:46.000Z", "contentLength": 41134, "httpStatusCode": 200}	a2463a74-4c62-4937-83d8-a45a0c710ad0	\N	{}
0d4f9c2c-ddf8-41b0-acc7-2349a729f8bf	item-photos	public/thumbnail_1780042969464.jpg	\N	2026-05-29 08:22:50.01076+00	2026-05-29 08:22:50.01076+00	2026-05-29 08:22:50.01076+00	{"eTag": "\\"6a5ee99f31fe3b87e42e758f445aba58\\"", "size": 23593, "mimetype": "image/jpeg", "cacheControl": "max-age=3600", "lastModified": "2026-05-29T08:22:50.000Z", "contentLength": 23593, "httpStatusCode": 200}	2f660f3a-772c-4dc6-9f79-cae100d95581	\N	{}
f271ace4-b2b2-4c25-8824-eba61ff90537	item-photos	public/thumbnail_1780043043391.jpg	\N	2026-05-29 08:24:03.952517+00	2026-05-29 08:24:03.952517+00	2026-05-29 08:24:03.952517+00	{"eTag": "\\"6a5ee99f31fe3b87e42e758f445aba58\\"", "size": 23593, "mimetype": "image/jpeg", "cacheControl": "max-age=3600", "lastModified": "2026-05-29T08:24:04.000Z", "contentLength": 23593, "httpStatusCode": 200}	776ff08d-f146-4b66-b27e-ac133ec1d017	\N	{}
0e425927-aa0f-48a6-9419-ab9a7b3d968b	item-photos	public/thumbnail_1780042969631.jpg	\N	2026-05-29 08:22:50.156518+00	2026-05-29 08:22:50.156518+00	2026-05-29 08:22:50.156518+00	{"eTag": "\\"6a5ee99f31fe3b87e42e758f445aba58\\"", "size": 23593, "mimetype": "image/jpeg", "cacheControl": "max-age=3600", "lastModified": "2026-05-29T08:22:51.000Z", "contentLength": 23593, "httpStatusCode": 200}	69652d66-606f-4633-ac54-438b24d028f9	\N	{}
40ea54af-dc9f-40fa-97d2-384710948b2f	item-photos	public/gallery2_1780044337248.jpg	\N	2026-05-29 08:45:38.039394+00	2026-05-29 08:45:38.039394+00	2026-05-29 08:45:38.039394+00	{"eTag": "\\"6bef22fffcacf2cdcda635e6b9c6084d\\"", "size": 41134, "mimetype": "image/jpeg", "cacheControl": "max-age=3600", "lastModified": "2026-05-29T08:45:38.000Z", "contentLength": 41134, "httpStatusCode": 200}	04bcfb31-c1b5-4760-bfca-199546e2f57a	\N	{}
5e4acc07-e4ac-4f35-a16a-4ae8c79c4197	item-photos	public/thumbnail_1780042969804.jpg	\N	2026-05-29 08:22:50.311772+00	2026-05-29 08:22:50.311772+00	2026-05-29 08:22:50.311772+00	{"eTag": "\\"6a5ee99f31fe3b87e42e758f445aba58\\"", "size": 23593, "mimetype": "image/jpeg", "cacheControl": "max-age=3600", "lastModified": "2026-05-29T08:22:51.000Z", "contentLength": 23593, "httpStatusCode": 200}	8ed99b5d-83d8-4a97-9ec4-40093e3dc7af	\N	{}
ab593d28-2d7f-43ca-b247-613c6e4d0407	item-photos	public/thumbnail_1780042969972.jpg	\N	2026-05-29 08:22:50.511829+00	2026-05-29 08:22:50.511829+00	2026-05-29 08:22:50.511829+00	{"eTag": "\\"6a5ee99f31fe3b87e42e758f445aba58\\"", "size": 23593, "mimetype": "image/jpeg", "cacheControl": "max-age=3600", "lastModified": "2026-05-29T08:22:51.000Z", "contentLength": 23593, "httpStatusCode": 200}	87011144-6f57-486e-a910-558a33a7825f	\N	{}
449ef59d-854f-4809-b079-746f83906381	item-photos	public/gallery3_1780044337840.jpg	\N	2026-05-29 08:45:39.458911+00	2026-05-29 08:45:39.458911+00	2026-05-29 08:45:39.458911+00	{"eTag": "\\"5c8b1a051746102108f5c292a65fbd18\\"", "size": 99265, "mimetype": "image/png", "cacheControl": "max-age=3600", "lastModified": "2026-05-29T08:45:40.000Z", "contentLength": 99265, "httpStatusCode": 200}	cd0ca898-dc07-4ff4-b628-5f3bcd151807	\N	{}
5d839052-a9a8-4cbc-a838-5e15cbe79edf	item-photos	public/thumbnail_1780042970140.jpg	\N	2026-05-29 08:22:50.671334+00	2026-05-29 08:22:50.671334+00	2026-05-29 08:22:50.671334+00	{"eTag": "\\"6a5ee99f31fe3b87e42e758f445aba58\\"", "size": 23593, "mimetype": "image/jpeg", "cacheControl": "max-age=3600", "lastModified": "2026-05-29T08:22:51.000Z", "contentLength": 23593, "httpStatusCode": 200}	4dd33b52-0117-49d8-a044-539b50bd7a71	\N	{}
b25ce369-330c-45ea-b86a-f9f3fc3cd10b	item-photos	public/thumbnail_1780374629638.jpg	\N	2026-06-02 04:30:30.540491+00	2026-06-02 04:30:30.540491+00	2026-06-02 04:30:30.540491+00	{"eTag": "\\"6a5ee99f31fe3b87e42e758f445aba58\\"", "size": 23593, "mimetype": "image/jpeg", "cacheControl": "max-age=3600", "lastModified": "2026-06-02T04:30:31.000Z", "contentLength": 23593, "httpStatusCode": 200}	1112c3e1-f97c-42bf-bb95-6b690b700b69	\N	{}
5e50e909-2985-4da1-93ae-c6301ec6fc5f	item-photos	public/thumbnail_1780042970312.jpg	\N	2026-05-29 08:22:50.844231+00	2026-05-29 08:22:50.844231+00	2026-05-29 08:22:50.844231+00	{"eTag": "\\"6a5ee99f31fe3b87e42e758f445aba58\\"", "size": 23593, "mimetype": "image/jpeg", "cacheControl": "max-age=3600", "lastModified": "2026-05-29T08:22:51.000Z", "contentLength": 23593, "httpStatusCode": 200}	90d73eab-e053-4542-a4aa-c0ba26ee79c1	\N	{}
15528f66-5b28-4aee-89c2-8c5aa5c8679c	item-photos	public/thumbnail_1780042970492.jpg	\N	2026-05-29 08:22:51.027235+00	2026-05-29 08:22:51.027235+00	2026-05-29 08:22:51.027235+00	{"eTag": "\\"6a5ee99f31fe3b87e42e758f445aba58\\"", "size": 23593, "mimetype": "image/jpeg", "cacheControl": "max-age=3600", "lastModified": "2026-05-29T08:22:51.000Z", "contentLength": 23593, "httpStatusCode": 200}	1b9c4251-5674-49c5-862b-56b7ac0ebacc	\N	{}
c4115c53-5946-41f8-ae2c-570f43981e81	item-photos	public/thumbnail_1780042970670.jpg	\N	2026-05-29 08:22:51.19547+00	2026-05-29 08:22:51.19547+00	2026-05-29 08:22:51.19547+00	{"eTag": "\\"6a5ee99f31fe3b87e42e758f445aba58\\"", "size": 23593, "mimetype": "image/jpeg", "cacheControl": "max-age=3600", "lastModified": "2026-05-29T08:22:52.000Z", "contentLength": 23593, "httpStatusCode": 200}	d722c5bf-958c-489c-80fc-19bdae66cb67	\N	{}
41b5e8d6-b486-453e-b4c7-044e969de0c0	item-photos	public/thumbnail_1780042970838.jpg	\N	2026-05-29 08:22:51.383057+00	2026-05-29 08:22:51.383057+00	2026-05-29 08:22:51.383057+00	{"eTag": "\\"6a5ee99f31fe3b87e42e758f445aba58\\"", "size": 23593, "mimetype": "image/jpeg", "cacheControl": "max-age=3600", "lastModified": "2026-05-29T08:22:52.000Z", "contentLength": 23593, "httpStatusCode": 200}	497e1458-b44d-47dd-959a-7fd3c275fd65	\N	{}
e66c4a74-5580-42a2-ac7d-c8e43115c337	item-photos	public/thumbnail_1780042975618.jpg	\N	2026-05-29 08:22:56.18291+00	2026-05-29 08:22:56.18291+00	2026-05-29 08:22:56.18291+00	{"eTag": "\\"6a5ee99f31fe3b87e42e758f445aba58\\"", "size": 23593, "mimetype": "image/jpeg", "cacheControl": "max-age=3600", "lastModified": "2026-05-29T08:22:57.000Z", "contentLength": 23593, "httpStatusCode": 200}	07cc0061-5d10-406f-b9d9-31c99da56273	\N	{}
8405432c-d989-4943-941c-68de8e8f1d61	item-photos	public/thumbnail_1780043080661.jpg	\N	2026-05-29 08:24:41.213061+00	2026-05-29 08:24:41.213061+00	2026-05-29 08:24:41.213061+00	{"eTag": "\\"6a5ee99f31fe3b87e42e758f445aba58\\"", "size": 23593, "mimetype": "image/jpeg", "cacheControl": "max-age=3600", "lastModified": "2026-05-29T08:24:42.000Z", "contentLength": 23593, "httpStatusCode": 200}	d426b55f-2fe8-4122-8600-1f1e6f466201	\N	{}
5316f313-a3ca-45f0-a877-5eadb4487ffc	item-photos	public/gallery_1780457624844_3.jpg	\N	2026-06-03 03:33:47.343504+00	2026-06-03 03:33:47.343504+00	2026-06-03 03:33:47.343504+00	{"eTag": "\\"83e662fed4f234e0b9c6c0c56c050d2d\\"", "size": 99306, "mimetype": "image/png", "cacheControl": "max-age=3600", "lastModified": "2026-06-03T03:33:48.000Z", "contentLength": 99306, "httpStatusCode": 200}	4c9d43dc-78ce-4b58-b2ab-43e1f9699a3a	\N	{}
a3d7d66b-9b7f-46e3-8eaf-3b1439fb8e99	item-photos	public/thumbnail_1780043088702.jpg	\N	2026-05-29 08:24:49.237474+00	2026-05-29 08:24:49.237474+00	2026-05-29 08:24:49.237474+00	{"eTag": "\\"6a5ee99f31fe3b87e42e758f445aba58\\"", "size": 23593, "mimetype": "image/jpeg", "cacheControl": "max-age=3600", "lastModified": "2026-05-29T08:24:50.000Z", "contentLength": 23593, "httpStatusCode": 200}	c654068c-024f-406d-94ac-6fad9f17a7ec	\N	{}
228255f0-c487-42ce-a0d2-fdb1110e8f90	item-photos	public/gallery_1780459659152_3.jpg	\N	2026-06-03 04:07:41.626063+00	2026-06-03 04:07:41.626063+00	2026-06-03 04:07:41.626063+00	{"eTag": "\\"261d3d06c704351a2933e5ce7f3010e3\\"", "size": 99243, "mimetype": "image/png", "cacheControl": "max-age=3600", "lastModified": "2026-06-03T04:07:42.000Z", "contentLength": 99243, "httpStatusCode": 200}	5527008c-3a65-4ccf-9473-af879ab6bda1	\N	{}
6de02e76-4d76-48be-bd0a-45bcc24ce4b0	item-photos	public/thumbnail_1780043105641.jpg	\N	2026-05-29 08:25:06.314201+00	2026-05-29 08:25:06.314201+00	2026-05-29 08:25:06.314201+00	{"eTag": "\\"01684ca50a85e1a30ca2c261b45466e9\\"", "size": 57334, "mimetype": "image/jpeg", "cacheControl": "max-age=3600", "lastModified": "2026-05-29T08:25:07.000Z", "contentLength": 57334, "httpStatusCode": 200}	8ced9526-fdfc-492f-b029-a2c69f2123af	\N	{}
ad14ce43-f9d4-41ca-8d88-7f99e79a4745	item-photos	public/thumbnail_64_1780476208094.webp	\N	2026-06-03 08:43:27.585372+00	2026-06-03 08:43:27.585372+00	2026-06-03 08:43:27.585372+00	{"eTag": "\\"a75e62b0d806d712ded51880930218c7\\"", "size": 11014, "mimetype": "image/webp", "cacheControl": "max-age=3600", "lastModified": "2026-06-03T08:43:28.000Z", "contentLength": 11014, "httpStatusCode": 200}	6c18bd00-8377-4428-8987-95d1151e2c5c	\N	{}
06c32a9b-3579-4b74-91be-3e468c364873	item-photos	public/thumbnail_1780043154604.jpg	\N	2026-05-29 08:25:55.326637+00	2026-05-29 08:25:55.326637+00	2026-05-29 08:25:55.326637+00	{"eTag": "\\"01684ca50a85e1a30ca2c261b45466e9\\"", "size": 57334, "mimetype": "image/jpeg", "cacheControl": "max-age=3600", "lastModified": "2026-05-29T08:25:56.000Z", "contentLength": 57334, "httpStatusCode": 200}	5f3b9612-76b5-40ae-af2b-9204892b8086	\N	{}
0f431bba-ea95-4da6-8648-d6c8c0a394f0	item-photos	public/thumbnail_1780459755117.jpg	\N	2026-06-03 04:09:14.759552+00	2026-06-03 04:09:14.759552+00	2026-06-03 04:09:14.759552+00	{"eTag": "\\"6a5ee99f31fe3b87e42e758f445aba58\\"", "size": 23593, "mimetype": "image/jpeg", "cacheControl": "max-age=3600", "lastModified": "2026-06-03T04:09:15.000Z", "contentLength": 23593, "httpStatusCode": 200}	9dbc7864-6c1c-4f67-bf03-5ed826260a47	\N	{}
c38321e9-ef83-46e9-bdf6-00d5c84d8a9c	item-photos	public/thumbnail_1780043171788.jpg	\N	2026-05-29 08:26:12.315338+00	2026-05-29 08:26:12.315338+00	2026-05-29 08:26:12.315338+00	{"eTag": "\\"6a5ee99f31fe3b87e42e758f445aba58\\"", "size": 23593, "mimetype": "image/jpeg", "cacheControl": "max-age=3600", "lastModified": "2026-05-29T08:26:13.000Z", "contentLength": 23593, "httpStatusCode": 200}	fb5bdc18-9515-4614-b5ef-5624f8d13de0	\N	{}
26234762-aa75-41ac-a265-423795719e07	item-photos	public/thumbnail_1780043221988.jpg	\N	2026-05-29 08:27:02.570426+00	2026-05-29 08:27:02.570426+00	2026-05-29 08:27:02.570426+00	{"eTag": "\\"6a5ee99f31fe3b87e42e758f445aba58\\"", "size": 23593, "mimetype": "image/jpeg", "cacheControl": "max-age=3600", "lastModified": "2026-05-29T08:27:03.000Z", "contentLength": 23593, "httpStatusCode": 200}	7dc7c922-f185-41b5-8b6f-490a959eb8f4	\N	{}
49af7d6b-b3c6-46da-b863-f06a7825f974	item-photos	public/gallery_1780459755720_0.jpg	\N	2026-06-03 04:09:15.451114+00	2026-06-03 04:09:15.451114+00	2026-06-03 04:09:15.451114+00	{"eTag": "\\"0b22c483b6651017b5c54c37cd0e35d5\\"", "size": 51165, "mimetype": "image/jpeg", "cacheControl": "max-age=3600", "lastModified": "2026-06-03T04:09:16.000Z", "contentLength": 51165, "httpStatusCode": 200}	65a6bc24-8099-484f-9cb0-3861c60f5a7f	\N	{}
f5e63c84-761d-4f50-8326-f940656d85f6	item-photos	public/thumbnail_1780043364076.jpg	\N	2026-05-29 08:29:24.822914+00	2026-05-29 08:29:24.822914+00	2026-05-29 08:29:24.822914+00	{"eTag": "\\"01684ca50a85e1a30ca2c261b45466e9\\"", "size": 57334, "mimetype": "image/jpeg", "cacheControl": "max-age=3600", "lastModified": "2026-05-29T08:29:25.000Z", "contentLength": 57334, "httpStatusCode": 200}	86512872-9e99-4eaa-93c2-78ebe8831452	\N	{}
a457c5ff-4cb9-4e68-94ff-eec67e1a0407	item-photos	public/thumbnail_1780371201435.jpg	\N	2026-06-02 03:33:23.588105+00	2026-06-02 03:33:23.588105+00	2026-06-02 03:33:23.588105+00	{"eTag": "\\"0d499f5966a60fae5c9c6e5fc82d1701\\"", "size": 99277, "mimetype": "image/png", "cacheControl": "max-age=3600", "lastModified": "2026-06-02T03:33:24.000Z", "contentLength": 99277, "httpStatusCode": 200}	35ef5119-aaf6-4511-b8dd-3051bc60ad5b	\N	{}
85d59f11-da19-4e8d-b3bf-e005676ffaa7	item-photos	public/thumbnail_1780371218181.jpg	\N	2026-06-02 03:33:40.027743+00	2026-06-02 03:33:40.027743+00	2026-06-02 03:33:40.027743+00	{"eTag": "\\"6678d0a2cc5c06b96724e7d88e69519e\\"", "size": 99231, "mimetype": "image/png", "cacheControl": "max-age=3600", "lastModified": "2026-06-02T03:33:40.000Z", "contentLength": 99231, "httpStatusCode": 200}	bd7a4dc1-5c72-4523-951a-2c0684a85ff9	\N	{}
91d8f8a3-30fb-45bf-a061-bca61e5b0e93	item-photos	public/gallery0_1780371220010.jpg	\N	2026-06-02 03:33:40.333182+00	2026-06-02 03:33:40.333182+00	2026-06-02 03:33:40.333182+00	{"eTag": "\\"6a5ee99f31fe3b87e42e758f445aba58\\"", "size": 23593, "mimetype": "image/jpeg", "cacheControl": "max-age=3600", "lastModified": "2026-06-02T03:33:41.000Z", "contentLength": 23593, "httpStatusCode": 200}	671b2352-10ac-4ed6-affa-cad4b563b131	\N	{}
db60ceee-f78c-44ee-9c38-ccad37c0ba66	item-photos	public/gallery0_1780375487033.jpg	\N	2026-06-02 04:44:48.275844+00	2026-06-02 04:44:48.275844+00	2026-06-02 04:44:48.275844+00	{"eTag": "\\"0b22c483b6651017b5c54c37cd0e35d5\\"", "size": 51165, "mimetype": "image/jpeg", "cacheControl": "max-age=3600", "lastModified": "2026-06-02T04:44:49.000Z", "contentLength": 51165, "httpStatusCode": 200}	2398b841-1b0a-4a86-b88c-6f85d23cf9f1	\N	{}
7f5e3c2d-c7db-43d1-88ad-f31ce822d32c	item-photos	public/gallery1_1780375488221.jpg	\N	2026-06-02 04:44:49.115532+00	2026-06-02 04:44:49.115532+00	2026-06-02 04:44:49.115532+00	{"eTag": "\\"4a627a32e55195cd6aea4ff7d1211713\\"", "size": 43537, "mimetype": "image/jpeg", "cacheControl": "max-age=3600", "lastModified": "2026-06-02T04:44:50.000Z", "contentLength": 43537, "httpStatusCode": 200}	16d8895d-9a2c-4b71-9357-0327d5ca014c	\N	{}
71172533-758b-48da-ad89-10d20254dc8b	item-photos	public/gallery_1780458405533_0.jpg	\N	2026-06-03 03:46:45.762161+00	2026-06-03 03:46:45.762161+00	2026-06-03 03:46:45.762161+00	{"eTag": "\\"4a627a32e55195cd6aea4ff7d1211713\\"", "size": 43537, "mimetype": "image/jpeg", "cacheControl": "max-age=3600", "lastModified": "2026-06-03T03:46:46.000Z", "contentLength": 43537, "httpStatusCode": 200}	f4231e96-f3c5-4a43-8e89-b55f46a3fcd2	\N	{}
5e6d1ac5-57ba-4812-86a0-1892069f1e01	item-photos	public/gallery2_1780375489057.jpg	\N	2026-06-02 04:44:49.713121+00	2026-06-02 04:44:49.713121+00	2026-06-02 04:44:49.713121+00	{"eTag": "\\"6bef22fffcacf2cdcda635e6b9c6084d\\"", "size": 41134, "mimetype": "image/jpeg", "cacheControl": "max-age=3600", "lastModified": "2026-06-02T04:44:50.000Z", "contentLength": 41134, "httpStatusCode": 200}	8e4bd96f-56cf-4e8f-9861-7adc5fbde30e	\N	{}
03135553-29fe-4cc7-999e-2b9da64bba98	item-photos	public/gallery_64_0_1780476548788.webp	\N	2026-06-03 08:49:08.692547+00	2026-06-03 08:49:08.692547+00	2026-06-03 08:49:08.692547+00	{"eTag": "\\"d474334ca0c30e95cca85db9749c74a7\\"", "size": 6970, "mimetype": "image/webp", "cacheControl": "max-age=3600", "lastModified": "2026-06-03T08:49:09.000Z", "contentLength": 6970, "httpStatusCode": 200}	7bd09dce-5d84-49e9-9ca8-7094d6e97a8a	\N	{}
f0a69d55-6568-4cb0-86a5-1282c0d280da	item-photos	public/gallery3_1780375489657.jpg	\N	2026-06-02 04:44:51.160379+00	2026-06-02 04:44:51.160379+00	2026-06-02 04:44:51.160379+00	{"eTag": "\\"064b3f05fc018d73fcc4bf6339ae16c9\\"", "size": 99261, "mimetype": "image/png", "cacheControl": "max-age=3600", "lastModified": "2026-06-02T04:44:52.000Z", "contentLength": 99261, "httpStatusCode": 200}	63c96b03-26a9-4430-ad2c-bd190ecf3932	\N	{}
85c4145f-0605-41ba-8687-8b2c9a8bd624	item-photos	public/gallery_1780458405533_1.jpg	\N	2026-06-03 03:46:46.314194+00	2026-06-03 03:46:46.314194+00	2026-06-03 03:46:46.314194+00	{"eTag": "\\"6bef22fffcacf2cdcda635e6b9c6084d\\"", "size": 41134, "mimetype": "image/jpeg", "cacheControl": "max-age=3600", "lastModified": "2026-06-03T03:46:47.000Z", "contentLength": 41134, "httpStatusCode": 200}	d1e7c0b2-fc8b-4559-9f3f-feaa753696c6	\N	{}
89e9ad53-059d-49eb-a4e1-faab4d9b8147	item-photos	public/gallery_1780458405533_2.jpg	\N	2026-06-03 03:46:47.709383+00	2026-06-03 03:46:47.709383+00	2026-06-03 03:46:47.709383+00	{"eTag": "\\"d67f9c1cf376d77f771e8d3065948cde\\"", "size": 99253, "mimetype": "image/png", "cacheControl": "max-age=3600", "lastModified": "2026-06-03T03:46:48.000Z", "contentLength": 99253, "httpStatusCode": 200}	528fd6ad-9b2c-4a5d-8635-faee89609be3	\N	{}
a26122fc-9b29-4536-bd20-c9d6c20de3f6	item-photos	public/gallery_64_1_1780476549699.webp	\N	2026-06-03 08:49:09.147146+00	2026-06-03 08:49:09.147146+00	2026-06-03 08:49:09.147146+00	{"eTag": "\\"4ba6d37661473dd96cbc0a6e11df9e6b\\"", "size": 5248, "mimetype": "image/webp", "cacheControl": "max-age=3600", "lastModified": "2026-06-03T08:49:10.000Z", "contentLength": 5248, "httpStatusCode": 200}	421ee2e1-f253-4d36-be56-734e6762440d	\N	{}
02f5fc1e-b780-4fbb-b70f-ba4e912221f2	item-photos	public/gallery_1780458447350_0.jpg	\N	2026-06-03 03:47:27.222121+00	2026-06-03 03:47:27.222121+00	2026-06-03 03:47:27.222121+00	{"eTag": "\\"0b22c483b6651017b5c54c37cd0e35d5\\"", "size": 51165, "mimetype": "image/jpeg", "cacheControl": "max-age=3600", "lastModified": "2026-06-03T03:47:28.000Z", "contentLength": 51165, "httpStatusCode": 200}	a1b4b0fa-0737-48aa-b9a1-1a464c7c136d	\N	{}
7ee8d15f-e33c-462e-929c-82f07ab855b4	item-photos	public/gallery_1780458447350_1.jpg	\N	2026-06-03 03:47:28.112579+00	2026-06-03 03:47:28.112579+00	2026-06-03 03:47:28.112579+00	{"eTag": "\\"4a627a32e55195cd6aea4ff7d1211713\\"", "size": 43537, "mimetype": "image/jpeg", "cacheControl": "max-age=3600", "lastModified": "2026-06-03T03:47:28.000Z", "contentLength": 43537, "httpStatusCode": 200}	06a97745-6b41-476b-b9b4-3f9ee2c6fdb8	\N	{}
92f8a146-f11e-4f09-89c4-dff05ac1037c	item-photos	public/gallery_64_2_1780476550464.webp	\N	2026-06-03 08:49:09.914641+00	2026-06-03 08:49:09.914641+00	2026-06-03 08:49:09.914641+00	{"eTag": "\\"31a6fd647826b60e6dd3786f8b56cb29\\"", "size": 23858, "mimetype": "image/webp", "cacheControl": "max-age=3600", "lastModified": "2026-06-03T08:49:10.000Z", "contentLength": 23858, "httpStatusCode": 200}	3d808503-2009-4c86-8c22-2c9275f026e4	\N	{}
d8c29afe-a81e-4353-aaa2-6087c52c46d4	item-photos	public/gallery_1780458447350_2.jpg	\N	2026-06-03 03:47:28.653389+00	2026-06-03 03:47:28.653389+00	2026-06-03 03:47:28.653389+00	{"eTag": "\\"6bef22fffcacf2cdcda635e6b9c6084d\\"", "size": 41134, "mimetype": "image/jpeg", "cacheControl": "max-age=3600", "lastModified": "2026-06-03T03:47:29.000Z", "contentLength": 41134, "httpStatusCode": 200}	1683440b-3876-47f1-883f-d6bd9f71b771	\N	{}
5d9388ad-bcb9-4e7f-8037-722a9d384805	item-photos	public/gallery_1780458447350_3.jpg	\N	2026-06-03 03:47:30.475698+00	2026-06-03 03:47:30.475698+00	2026-06-03 03:47:30.475698+00	{"eTag": "\\"ab67af0a766582cfe6fb6e149b82c503\\"", "size": 99245, "mimetype": "image/png", "cacheControl": "max-age=3600", "lastModified": "2026-06-03T03:47:31.000Z", "contentLength": 99245, "httpStatusCode": 200}	cec9cd6d-656c-486b-8a1c-ae3011dc6fbb	\N	{}
5cb74459-8a5f-413d-8d2c-9c089b272d7a	item-photos	public/gallery_1780458490146_0.jpg	\N	2026-06-03 03:48:10.022815+00	2026-06-03 03:48:10.022815+00	2026-06-03 03:48:10.022815+00	{"eTag": "\\"0b22c483b6651017b5c54c37cd0e35d5\\"", "size": 51165, "mimetype": "image/jpeg", "cacheControl": "max-age=3600", "lastModified": "2026-06-03T03:48:10.000Z", "contentLength": 51165, "httpStatusCode": 200}	23db7a7c-e3c2-4da2-bfa6-d203ec84713d	\N	{}
335155bc-1357-4fe3-bd84-3aa65ef70bbf	item-photos	public/thumbnail_1780386286264.jpg	\N	2026-06-02 07:44:47.708382+00	2026-06-02 07:44:47.708382+00	2026-06-02 07:44:47.708382+00	{"eTag": "\\"6a5ee99f31fe3b87e42e758f445aba58\\"", "size": 23593, "mimetype": "image/jpeg", "cacheControl": "max-age=3600", "lastModified": "2026-06-02T07:44:48.000Z", "contentLength": 23593, "httpStatusCode": 200}	1cd66bb7-321b-40a5-9613-db75aaf530c8	\N	{}
565ef515-dfb1-438d-8604-acbe99a498c6	item-photos	public/gallery_1780458490146_1.jpg	\N	2026-06-03 03:48:10.786175+00	2026-06-03 03:48:10.786175+00	2026-06-03 03:48:10.786175+00	{"eTag": "\\"4a627a32e55195cd6aea4ff7d1211713\\"", "size": 43537, "mimetype": "image/jpeg", "cacheControl": "max-age=3600", "lastModified": "2026-06-03T03:48:11.000Z", "contentLength": 43537, "httpStatusCode": 200}	b7650563-5dc8-44a9-a02e-9871693dcb8d	\N	{}
0a9f4b86-156e-4cc6-9e86-f15522a2dc35	item-photos	public/gallery_1780458490146_2.jpg	\N	2026-06-03 03:48:11.784146+00	2026-06-03 03:48:11.784146+00	2026-06-03 03:48:11.784146+00	{"eTag": "\\"6bef22fffcacf2cdcda635e6b9c6084d\\"", "size": 41134, "mimetype": "image/jpeg", "cacheControl": "max-age=3600", "lastModified": "2026-06-03T03:48:12.000Z", "contentLength": 41134, "httpStatusCode": 200}	be39aa2b-8e12-4b20-82dd-31554d8c73c9	\N	{}
fa46f33f-cc0f-475d-a05c-08647971a923	item-photos	public/gallery_64_3_1780476550920.webp	\N	2026-06-03 08:49:10.390262+00	2026-06-03 08:49:10.390262+00	2026-06-03 08:49:10.390262+00	{"eTag": "\\"a75e62b0d806d712ded51880930218c7\\"", "size": 11014, "mimetype": "image/webp", "cacheControl": "max-age=3600", "lastModified": "2026-06-03T08:49:11.000Z", "contentLength": 11014, "httpStatusCode": 200}	786f1127-05cf-4118-b589-73eed8041f60	\N	{}
76a302a1-fd16-434f-b3f5-da1fcbf5de5f	item-photos	public/gallery_1780458490146_3.jpg	\N	2026-06-03 03:48:15.208731+00	2026-06-03 03:48:15.208731+00	2026-06-03 03:48:15.208731+00	{"eTag": "\\"9ca6689719bce139b861078567447129\\"", "size": 99234, "mimetype": "image/png", "cacheControl": "max-age=3600", "lastModified": "2026-06-03T03:48:16.000Z", "contentLength": 99234, "httpStatusCode": 200}	89082abc-4790-4b71-a8b4-33c78312dd6c	\N	{}
36481e7c-e6df-4828-a4b0-18d1e364a664	item-photos	public/gallery_1780458517189_0.jpg	\N	2026-06-03 03:48:37.04485+00	2026-06-03 03:48:37.04485+00	2026-06-03 03:48:37.04485+00	{"eTag": "\\"0b22c483b6651017b5c54c37cd0e35d5\\"", "size": 51165, "mimetype": "image/jpeg", "cacheControl": "max-age=3600", "lastModified": "2026-06-03T03:48:38.000Z", "contentLength": 51165, "httpStatusCode": 200}	3479dea7-26df-48dc-90d7-0fda29454522	\N	{}
740732b2-0818-4f62-85ff-5eb7967029e8	item-photos	public/gallery_64_4_1780476551542.webp	\N	2026-06-03 08:49:10.970112+00	2026-06-03 08:49:10.970112+00	2026-06-03 08:49:10.970112+00	{"eTag": "\\"01e2c4b5833eeda7863f970daf6828ed\\"", "size": 4284, "mimetype": "image/webp", "cacheControl": "max-age=3600", "lastModified": "2026-06-03T08:49:11.000Z", "contentLength": 4284, "httpStatusCode": 200}	32013dce-b249-4fbc-ab8f-7959d7dd724f	\N	{}
62373f70-8bf7-4141-a43f-256632a22c04	item-photos	public/gallery_1780458517189_1.jpg	\N	2026-06-03 03:48:37.77483+00	2026-06-03 03:48:37.77483+00	2026-06-03 03:48:37.77483+00	{"eTag": "\\"4a627a32e55195cd6aea4ff7d1211713\\"", "size": 43537, "mimetype": "image/jpeg", "cacheControl": "max-age=3600", "lastModified": "2026-06-03T03:48:38.000Z", "contentLength": 43537, "httpStatusCode": 200}	cc66e864-b9fe-4d73-9d3c-f01cbeb24acf	\N	{}
449d3a1c-4a51-4fab-8cf9-62a153fcb038	item-photos	public/gallery_1780458517189_2.jpg	\N	2026-06-03 03:48:38.358727+00	2026-06-03 03:48:38.358727+00	2026-06-03 03:48:38.358727+00	{"eTag": "\\"6bef22fffcacf2cdcda635e6b9c6084d\\"", "size": 41134, "mimetype": "image/jpeg", "cacheControl": "max-age=3600", "lastModified": "2026-06-03T03:48:39.000Z", "contentLength": 41134, "httpStatusCode": 200}	5e294047-1f72-4850-98e8-6996713d8288	\N	{}
efec261d-ea47-452f-849f-3896de2e8588	item-photos	public/gallery_64_5_1780476552139.webp	\N	2026-06-03 08:49:11.56073+00	2026-06-03 08:49:11.56073+00	2026-06-03 08:49:11.56073+00	{"eTag": "\\"f7ee485ea59942cce034db3f890e47b2\\"", "size": 4706, "mimetype": "image/webp", "cacheControl": "max-age=3600", "lastModified": "2026-06-03T08:49:12.000Z", "contentLength": 4706, "httpStatusCode": 200}	2dd3b032-8f42-48bd-8b2b-8d43ded30724	\N	{}
24810d42-7ef2-4bbf-a289-b4cdff6d06bb	item-photos	public/gallery_1780458517189_3.jpg	\N	2026-06-03 03:48:39.802548+00	2026-06-03 03:48:39.802548+00	2026-06-03 03:48:39.802548+00	{"eTag": "\\"90e657173c19c50ca3971ee2248b3d95\\"", "size": 99274, "mimetype": "image/png", "cacheControl": "max-age=3600", "lastModified": "2026-06-03T03:48:40.000Z", "contentLength": 99274, "httpStatusCode": 200}	8787e010-79e3-4db2-a7c0-464c8ddeefd9	\N	{}
01362bd1-7efe-4e18-b6fa-beec31437fb9	item-photos	public/gallery_1780458631872_0.jpg	\N	2026-06-03 03:50:31.904863+00	2026-06-03 03:50:31.904863+00	2026-06-03 03:50:31.904863+00	{"eTag": "\\"0b22c483b6651017b5c54c37cd0e35d5\\"", "size": 51165, "mimetype": "image/jpeg", "cacheControl": "max-age=3600", "lastModified": "2026-06-03T03:50:32.000Z", "contentLength": 51165, "httpStatusCode": 200}	7cfbb34c-80f0-4c91-8a52-12a749df30af	\N	{}
d11689be-aea7-4c1a-a813-120c33c44428	item-photos	public/gallery_1780458631872_1.jpg	\N	2026-06-03 03:50:32.709034+00	2026-06-03 03:50:32.709034+00	2026-06-03 03:50:32.709034+00	{"eTag": "\\"4a627a32e55195cd6aea4ff7d1211713\\"", "size": 43537, "mimetype": "image/jpeg", "cacheControl": "max-age=3600", "lastModified": "2026-06-03T03:50:33.000Z", "contentLength": 43537, "httpStatusCode": 200}	f12073d5-2d56-4037-9215-3390e848bf27	\N	{}
54c7908a-9e90-4b08-991a-68f9a4187ac0	item-photos	public/gallery_1780458631872_2.jpg	\N	2026-06-03 03:50:33.334885+00	2026-06-03 03:50:33.334885+00	2026-06-03 03:50:33.334885+00	{"eTag": "\\"6bef22fffcacf2cdcda635e6b9c6084d\\"", "size": 41134, "mimetype": "image/jpeg", "cacheControl": "max-age=3600", "lastModified": "2026-06-03T03:50:34.000Z", "contentLength": 41134, "httpStatusCode": 200}	1685d62b-7064-46c4-8933-2f7e31677adb	\N	{}
7351455a-beed-4eb5-881c-053c432cdcb9	item-photos	public/gallery0_1780386366546.jpg	\N	2026-06-02 07:46:07.454163+00	2026-06-02 07:46:07.454163+00	2026-06-02 07:46:07.454163+00	{"eTag": "\\"4a627a32e55195cd6aea4ff7d1211713\\"", "size": 43537, "mimetype": "image/jpeg", "cacheControl": "max-age=3600", "lastModified": "2026-06-02T07:46:08.000Z", "contentLength": 43537, "httpStatusCode": 200}	e78be5e4-7689-45a9-941f-595267590815	\N	{}
b0a7cc1d-94f3-423f-84eb-10073c451c26	item-photos	public/gallery_1780458631872_3.jpg	\N	2026-06-03 03:50:34.865344+00	2026-06-03 03:50:34.865344+00	2026-06-03 03:50:34.865344+00	{"eTag": "\\"ed53f874bae353c149c15005ffb39bf0\\"", "size": 99331, "mimetype": "image/png", "cacheControl": "max-age=3600", "lastModified": "2026-06-03T03:50:35.000Z", "contentLength": 99331, "httpStatusCode": 200}	c8f5cc6d-b8e2-4866-9c49-c1eb50904810	\N	{}
e3e7b686-6861-484c-947a-4afe8ae9f10d	item-photos	public/gallery1_1780386367277.jpg	\N	2026-06-02 07:46:08.25471+00	2026-06-02 07:46:08.25471+00	2026-06-02 07:46:08.25471+00	{"eTag": "\\"6bef22fffcacf2cdcda635e6b9c6084d\\"", "size": 41134, "mimetype": "image/jpeg", "cacheControl": "max-age=3600", "lastModified": "2026-06-02T07:46:09.000Z", "contentLength": 41134, "httpStatusCode": 200}	51c49982-ffb5-450a-983e-b3beba9290a8	\N	{}
b1a5beab-3b93-44e1-a224-0247256a597e	item-photos	public/gallery_1780459755720_1.jpg	\N	2026-06-03 04:09:16.359476+00	2026-06-03 04:09:16.359476+00	2026-06-03 04:09:16.359476+00	{"eTag": "\\"4a627a32e55195cd6aea4ff7d1211713\\"", "size": 43537, "mimetype": "image/jpeg", "cacheControl": "max-age=3600", "lastModified": "2026-06-03T04:09:17.000Z", "contentLength": 43537, "httpStatusCode": 200}	0317903b-26fd-4b47-ac7b-3adab54156ce	\N	{}
6de5119f-fbde-4b1f-9428-fb345909dd3a	item-photos	public/gallery2_1780386368082.jpg	\N	2026-06-02 07:46:09.665744+00	2026-06-02 07:46:09.665744+00	2026-06-02 07:46:09.665744+00	{"eTag": "\\"d219d3cd2ca4fb078922c4c2e56a29cf\\"", "size": 99271, "mimetype": "image/png", "cacheControl": "max-age=3600", "lastModified": "2026-06-02T07:46:10.000Z", "contentLength": 99271, "httpStatusCode": 200}	ec582e7a-b64a-4a13-a4f3-a0e4ee226958	\N	{}
cbe17b1c-c608-4e81-9a24-3cbcf727a840	item-photos	public/gallery_64_6_1780476552679.webp	\N	2026-06-03 08:49:12.097326+00	2026-06-03 08:49:12.097326+00	2026-06-03 08:49:12.097326+00	{"eTag": "\\"859845edb5ee16c494ca65d3de27f96e\\"", "size": 2600, "mimetype": "image/webp", "cacheControl": "max-age=3600", "lastModified": "2026-06-03T08:49:13.000Z", "contentLength": 2600, "httpStatusCode": 200}	9d3b7431-2015-4a02-b09c-c8ce2be51b6f	\N	{}
c5d6e174-979a-4989-b0bc-c27ddb85e835	item-photos	public/thumbnail_1780386394840.jpg	\N	2026-06-02 07:46:35.468845+00	2026-06-02 07:46:35.468845+00	2026-06-02 07:46:35.468845+00	{"eTag": "\\"01684ca50a85e1a30ca2c261b45466e9\\"", "size": 57334, "mimetype": "image/jpeg", "cacheControl": "max-age=3600", "lastModified": "2026-06-02T07:46:36.000Z", "contentLength": 57334, "httpStatusCode": 200}	a55f87e2-bc98-43ed-99a2-f852b11984c3	\N	{}
19190a77-0314-4608-9d5c-4a3ef332cf60	item-photos	public/gallery_1780459755720_2.jpg	\N	2026-06-03 04:09:16.915236+00	2026-06-03 04:09:16.915236+00	2026-06-03 04:09:16.915236+00	{"eTag": "\\"6bef22fffcacf2cdcda635e6b9c6084d\\"", "size": 41134, "mimetype": "image/jpeg", "cacheControl": "max-age=3600", "lastModified": "2026-06-03T04:09:17.000Z", "contentLength": 41134, "httpStatusCode": 200}	d5aa04a9-a67b-473d-8826-d12d5cc75ac3	\N	{}
3f02f6de-4e65-4c45-86f7-334720e47e0c	item-photos	public/thumbnail_1780386405176.jpg	\N	2026-06-02 07:46:45.868877+00	2026-06-02 07:46:45.868877+00	2026-06-02 07:46:45.868877+00	{"eTag": "\\"01684ca50a85e1a30ca2c261b45466e9\\"", "size": 57334, "mimetype": "image/jpeg", "cacheControl": "max-age=3600", "lastModified": "2026-06-02T07:46:46.000Z", "contentLength": 57334, "httpStatusCode": 200}	f151085e-a793-4807-a5ee-84a2f46836da	\N	{}
08025a84-1801-478a-8668-4760fe8143e4	item-photos	public/gallery0_1780388364075.jpg	\N	2026-06-02 08:19:25.330479+00	2026-06-02 08:19:25.330479+00	2026-06-02 08:19:25.330479+00	{"eTag": "\\"01684ca50a85e1a30ca2c261b45466e9\\"", "size": 57334, "mimetype": "image/jpeg", "cacheControl": "max-age=3600", "lastModified": "2026-06-02T08:19:26.000Z", "contentLength": 57334, "httpStatusCode": 200}	17bae680-4088-4aae-ac52-70551fcb68e5	\N	{}
358d0986-c58c-4e11-b772-150cc0e55a4c	item-photos	public/gallery_1780459755720_3.jpg	\N	2026-06-03 04:09:18.321533+00	2026-06-03 04:09:18.321533+00	2026-06-03 04:09:18.321533+00	{"eTag": "\\"76ef835b9b60a1434683274f06675e86\\"", "size": 99290, "mimetype": "image/png", "cacheControl": "max-age=3600", "lastModified": "2026-06-03T04:09:19.000Z", "contentLength": 99290, "httpStatusCode": 200}	6099f634-473d-4c36-a592-4d6038ad9dcb	\N	{}
1fe93ece-ee1c-4dec-92ec-53678dc51c2e	item-photos	public/gallery1_1780388365135.jpg	\N	2026-06-02 08:19:26.464636+00	2026-06-02 08:19:26.464636+00	2026-06-02 08:19:26.464636+00	{"eTag": "\\"69c7195d6c5bc2034e8487308dd88cef\\"", "size": 81813, "mimetype": "image/jpeg", "cacheControl": "max-age=3600", "lastModified": "2026-06-02T08:19:27.000Z", "contentLength": 81813, "httpStatusCode": 200}	27325e35-f3b4-4b65-9921-3b4128f4b731	\N	{}
ed44bf2f-badd-4cb3-8e8f-3bed63065e48	item-photos	public/gallery2_1780388366257.jpg	\N	2026-06-02 08:19:26.909468+00	2026-06-02 08:19:26.909468+00	2026-06-02 08:19:26.909468+00	{"eTag": "\\"b227df3e6e87ff04734262a5516c598f\\"", "size": 54087, "mimetype": "image/jpeg", "cacheControl": "max-age=3600", "lastModified": "2026-06-02T08:19:27.000Z", "contentLength": 54087, "httpStatusCode": 200}	16c6ec26-b0f1-4031-b4a8-5606d441a5de	\N	{}
ccf0bb36-c4ed-4754-abc4-63cb40f40680	item-photos	public/gallery3_1780388366709.jpg	\N	2026-06-02 08:19:28.731546+00	2026-06-02 08:19:28.731546+00	2026-06-02 08:19:28.731546+00	{"eTag": "\\"bf02b90eef4b480c30a0ca02d87541c6\\"", "size": 99209, "mimetype": "image/png", "cacheControl": "max-age=3600", "lastModified": "2026-06-02T08:19:29.000Z", "contentLength": 99209, "httpStatusCode": 200}	fae3ff14-ccc8-4981-9fbb-1da7381c1553	\N	{}
d1a4604f-0162-44f5-9893-485889001ad6	item-photos	public/gallery0_1780388382719.jpg	\N	2026-06-02 08:19:43.260374+00	2026-06-02 08:19:43.260374+00	2026-06-02 08:19:43.260374+00	{"eTag": "\\"6a5ee99f31fe3b87e42e758f445aba58\\"", "size": 23593, "mimetype": "image/jpeg", "cacheControl": "max-age=3600", "lastModified": "2026-06-02T08:19:44.000Z", "contentLength": 23593, "httpStatusCode": 200}	4932f620-1c0b-442d-a7bd-aaeba81d4288	\N	{}
c8feec3a-e43d-4b45-9e5f-eaea56c676a1	item-photos	public/gallery1_1780388383063.jpg	\N	2026-06-02 08:19:43.728748+00	2026-06-02 08:19:43.728748+00	2026-06-02 08:19:43.728748+00	{"eTag": "\\"01684ca50a85e1a30ca2c261b45466e9\\"", "size": 57334, "mimetype": "image/jpeg", "cacheControl": "max-age=3600", "lastModified": "2026-06-02T08:19:44.000Z", "contentLength": 57334, "httpStatusCode": 200}	265053d5-20a4-4e23-b2f6-41bfac55582d	\N	{}
7c1964bb-26d4-45d1-afa5-94066013b4f5	item-photos	public/gallery2_1780388383534.jpg	\N	2026-06-02 08:19:44.611926+00	2026-06-02 08:19:44.611926+00	2026-06-02 08:19:44.611926+00	{"eTag": "\\"69c7195d6c5bc2034e8487308dd88cef\\"", "size": 81813, "mimetype": "image/jpeg", "cacheControl": "max-age=3600", "lastModified": "2026-06-02T08:19:45.000Z", "contentLength": 81813, "httpStatusCode": 200}	7bfd35ce-0927-4f10-9629-32183f42ad7c	\N	{}
5d68206a-01e2-4fa3-8070-f390dbee0234	item-photos	public/gallery_64_7_1780476552999.webp	\N	2026-06-03 08:49:12.434616+00	2026-06-03 08:49:12.434616+00	2026-06-03 08:49:12.434616+00	{"eTag": "\\"e641f868e89387e32501a399479211a3\\"", "size": 8050, "mimetype": "image/webp", "cacheControl": "max-age=3600", "lastModified": "2026-06-03T08:49:13.000Z", "contentLength": 8050, "httpStatusCode": 200}	a5543b82-7242-4eae-82eb-0b4fc93b8725	\N	{}
e1444b49-95fc-4f3f-9b62-3e4e082f59e6	item-photos	public/gallery3_1780388384428.jpg	\N	2026-06-02 08:19:45.088547+00	2026-06-02 08:19:45.088547+00	2026-06-02 08:19:45.088547+00	{"eTag": "\\"b227df3e6e87ff04734262a5516c598f\\"", "size": 54087, "mimetype": "image/jpeg", "cacheControl": "max-age=3600", "lastModified": "2026-06-02T08:19:46.000Z", "contentLength": 54087, "httpStatusCode": 200}	03034b9c-a56a-4199-8405-909f1d58f93b	\N	{}
ba87ee9f-a5c6-4c89-8c2b-2bb80e57d847	item-photos	public/gallery_1780459299965_0.jpg	\N	2026-06-03 04:01:40.582152+00	2026-06-03 04:01:40.582152+00	2026-06-03 04:01:40.582152+00	{"eTag": "\\"0b22c483b6651017b5c54c37cd0e35d5\\"", "size": 51165, "mimetype": "image/jpeg", "cacheControl": "max-age=3600", "lastModified": "2026-06-03T04:01:41.000Z", "contentLength": 51165, "httpStatusCode": 200}	b5a7fe7b-e9da-47af-9a88-23d67037bd76	\N	{}
fb681ef6-c8fb-4066-9fcd-bd67970c57ba	item-photos	public/gallery4_1780388384904.jpg	\N	2026-06-02 08:19:45.719518+00	2026-06-02 08:19:45.719518+00	2026-06-02 08:19:45.719518+00	{"eTag": "\\"0b22c483b6651017b5c54c37cd0e35d5\\"", "size": 51165, "mimetype": "image/jpeg", "cacheControl": "max-age=3600", "lastModified": "2026-06-02T08:19:46.000Z", "contentLength": 51165, "httpStatusCode": 200}	6b53939b-58c5-493c-affc-868ccbe57483	\N	{}
f891f958-415b-4b7e-8e2e-d32dc152c3b0	item-photos	public/gallery5_1780388385527.jpg	\N	2026-06-02 08:19:46.425107+00	2026-06-02 08:19:46.425107+00	2026-06-02 08:19:46.425107+00	{"eTag": "\\"4a627a32e55195cd6aea4ff7d1211713\\"", "size": 43537, "mimetype": "image/jpeg", "cacheControl": "max-age=3600", "lastModified": "2026-06-02T08:19:47.000Z", "contentLength": 43537, "httpStatusCode": 200}	bbe9fb92-5311-4d40-baed-1accdc8c04af	\N	{}
6dda242e-8872-4e04-8f9f-45a4f854b48a	item-photos	public/gallery_1780459299965_1.jpg	\N	2026-06-03 04:01:41.643346+00	2026-06-03 04:01:41.643346+00	2026-06-03 04:01:41.643346+00	{"eTag": "\\"4a627a32e55195cd6aea4ff7d1211713\\"", "size": 43537, "mimetype": "image/jpeg", "cacheControl": "max-age=3600", "lastModified": "2026-06-03T04:01:42.000Z", "contentLength": 43537, "httpStatusCode": 200}	28742ca6-72de-4614-868c-254c1a821eea	\N	{}
5fe0b167-e1d1-4b35-a88f-a2fce11581ea	item-photos	public/gallery6_1780388386232.jpg	\N	2026-06-02 08:19:46.998088+00	2026-06-02 08:19:46.998088+00	2026-06-02 08:19:46.998088+00	{"eTag": "\\"6bef22fffcacf2cdcda635e6b9c6084d\\"", "size": 41134, "mimetype": "image/jpeg", "cacheControl": "max-age=3600", "lastModified": "2026-06-02T08:19:47.000Z", "contentLength": 41134, "httpStatusCode": 200}	ce24df0b-7b3b-41fc-a39d-0faf92f5665e	\N	{}
1827a68c-28ac-4086-94da-fa89f3816ce3	item-photos	public/gallery7_1780388386797.jpg	\N	2026-06-02 08:19:48.352821+00	2026-06-02 08:19:48.352821+00	2026-06-02 08:19:48.352821+00	{"eTag": "\\"d2d241643da7a4f542fe6b27d1965f45\\"", "size": 99298, "mimetype": "image/png", "cacheControl": "max-age=3600", "lastModified": "2026-06-02T08:19:49.000Z", "contentLength": 99298, "httpStatusCode": 200}	984b776c-7cd4-4c2a-ace9-1fb61af7e2d7	\N	{}
5d365c16-0121-4123-90ae-925dd4650aed	item-photos	public/gallery_1780459299965_2.jpg	\N	2026-06-03 04:01:42.485925+00	2026-06-03 04:01:42.485925+00	2026-06-03 04:01:42.485925+00	{"eTag": "\\"6bef22fffcacf2cdcda635e6b9c6084d\\"", "size": 41134, "mimetype": "image/jpeg", "cacheControl": "max-age=3600", "lastModified": "2026-06-03T04:01:43.000Z", "contentLength": 41134, "httpStatusCode": 200}	b7bdd349-c784-429e-9c75-9cfdde3ba8b5	\N	{}
9e59bc03-7323-43d8-a74e-a5f31bc61933	item-photos	public/thumbnail_1780388537741.jpg	\N	2026-06-02 08:22:18.651959+00	2026-06-02 08:22:18.651959+00	2026-06-02 08:22:18.651959+00	{"eTag": "\\"6a5ee99f31fe3b87e42e758f445aba58\\"", "size": 23593, "mimetype": "image/jpeg", "cacheControl": "max-age=3600", "lastModified": "2026-06-02T08:22:19.000Z", "contentLength": 23593, "httpStatusCode": 200}	7b4185ea-7656-4c59-8324-ce5d477749df	\N	{}
68a3516c-e1ca-4bc9-b4ce-9661c0d2d49f	item-photos	public/gallery0_1780388653499.jpg	\N	2026-06-02 08:24:14.226534+00	2026-06-02 08:24:14.226534+00	2026-06-02 08:24:14.226534+00	{"eTag": "\\"01684ca50a85e1a30ca2c261b45466e9\\"", "size": 57334, "mimetype": "image/jpeg", "cacheControl": "max-age=3600", "lastModified": "2026-06-02T08:24:15.000Z", "contentLength": 57334, "httpStatusCode": 200}	4c6c17f4-01c9-41eb-a91a-6c3f5280fbcb	\N	{}
55a37941-24ea-4b5e-b1d1-9824dd850078	item-photos	public/gallery1_1780388654016.jpg	\N	2026-06-02 08:24:15.10452+00	2026-06-02 08:24:15.10452+00	2026-06-02 08:24:15.10452+00	{"eTag": "\\"69c7195d6c5bc2034e8487308dd88cef\\"", "size": 81813, "mimetype": "image/jpeg", "cacheControl": "max-age=3600", "lastModified": "2026-06-02T08:24:16.000Z", "contentLength": 81813, "httpStatusCode": 200}	6aa010e6-062b-4a15-a980-9c83f74d52f1	\N	{}
24fe4926-618e-4342-be8c-fa7524a80d1a	item-photos	public/gallery2_1780388654896.jpg	\N	2026-06-02 08:24:16.601175+00	2026-06-02 08:24:16.601175+00	2026-06-02 08:24:16.601175+00	{"eTag": "\\"2b780802468512783e6d982d2733db37\\"", "size": 99296, "mimetype": "image/png", "cacheControl": "max-age=3600", "lastModified": "2026-06-02T08:24:17.000Z", "contentLength": 99296, "httpStatusCode": 200}	3e1f1348-4ca5-44ef-bba8-8658d6f977a6	\N	{}
813af510-3b64-4d07-ac54-33a275d68f8b	item-photos	public/gallery0_1780388953928.jpg	\N	2026-06-02 08:29:14.945774+00	2026-06-02 08:29:14.945774+00	2026-06-02 08:29:14.945774+00	{"eTag": "\\"4a627a32e55195cd6aea4ff7d1211713\\"", "size": 43537, "mimetype": "image/jpeg", "cacheControl": "max-age=3600", "lastModified": "2026-06-02T08:29:15.000Z", "contentLength": 43537, "httpStatusCode": 200}	0a0e54f3-c262-4d50-9eb7-f57b119a6c3c	\N	{}
ba00fbbb-b37a-4bc5-9fbb-4bb662dc0a33	item-photos	public/gallery_1780459299965_3.jpg	\N	2026-06-03 04:01:44.749717+00	2026-06-03 04:01:44.749717+00	2026-06-03 04:01:44.749717+00	{"eTag": "\\"4606bb7f02916529c8ba608c87a27287\\"", "size": 99274, "mimetype": "image/png", "cacheControl": "max-age=3600", "lastModified": "2026-06-03T04:01:45.000Z", "contentLength": 99274, "httpStatusCode": 200}	856c3ff1-2da4-4732-9b9c-b629fbfd1d23	\N	{}
385e8693-7f82-43d2-91a4-bfb60f3bff0d	item-photos	public/gallery0_1780388442631.jpg	\N	2026-06-02 08:20:43.448582+00	2026-06-02 08:20:43.448582+00	2026-06-02 08:20:43.448582+00	{"eTag": "\\"01684ca50a85e1a30ca2c261b45466e9\\"", "size": 57334, "mimetype": "image/jpeg", "cacheControl": "max-age=3600", "lastModified": "2026-06-02T08:20:44.000Z", "contentLength": 57334, "httpStatusCode": 200}	6bbbfdb8-0af1-4bac-8e40-5a87aa8bda88	\N	{}
fee1b49a-9459-4b3d-8a1e-d9ff5f1d15fc	item-photos	public/gallery1_1780388443256.jpg	\N	2026-06-02 08:20:44.580613+00	2026-06-02 08:20:44.580613+00	2026-06-02 08:20:44.580613+00	{"eTag": "\\"69c7195d6c5bc2034e8487308dd88cef\\"", "size": 81813, "mimetype": "image/jpeg", "cacheControl": "max-age=3600", "lastModified": "2026-06-02T08:20:45.000Z", "contentLength": 81813, "httpStatusCode": 200}	705aea1f-c83d-4333-8a48-242786ec439a	\N	{}
dbc450ab-5635-4930-af7b-5cf4a75e7aa3	item-photos	public/gallery_1780459445539_0.jpg	\N	2026-06-03 04:04:05.593092+00	2026-06-03 04:04:05.593092+00	2026-06-03 04:04:05.593092+00	{"eTag": "\\"0b22c483b6651017b5c54c37cd0e35d5\\"", "size": 51165, "mimetype": "image/jpeg", "cacheControl": "max-age=3600", "lastModified": "2026-06-03T04:04:06.000Z", "contentLength": 51165, "httpStatusCode": 200}	7d437201-217e-4fdd-9156-31d47dc84989	\N	{}
dab689f3-fc03-4a06-9704-4f988e8b871b	item-photos	public/gallery2_1780388444378.jpg	\N	2026-06-02 08:20:45.030057+00	2026-06-02 08:20:45.030057+00	2026-06-02 08:20:45.030057+00	{"eTag": "\\"b227df3e6e87ff04734262a5516c598f\\"", "size": 54087, "mimetype": "image/jpeg", "cacheControl": "max-age=3600", "lastModified": "2026-06-02T08:20:45.000Z", "contentLength": 54087, "httpStatusCode": 200}	9e9e4832-c317-42f1-8ba1-8fe0201deb4a	\N	{}
069987c4-8d2a-492f-aeba-82c7160db966	item-photos	public/thumbnail_64_1780479029781.webp	\N	2026-06-03 09:30:29.801824+00	2026-06-03 09:30:29.801824+00	2026-06-03 09:30:29.801824+00	{"eTag": "\\"4ba6d37661473dd96cbc0a6e11df9e6b\\"", "size": 5248, "mimetype": "image/webp", "cacheControl": "max-age=3600", "lastModified": "2026-06-03T09:30:30.000Z", "contentLength": 5248, "httpStatusCode": 200}	92334d0f-134a-43fd-a6df-4709e6acc8bd	\N	{}
79e0a79c-a8e3-4e44-8621-e8b524a4efd4	item-photos	public/gallery3_1780388444845.jpg	\N	2026-06-02 08:20:46.429808+00	2026-06-02 08:20:46.429808+00	2026-06-02 08:20:46.429808+00	{"eTag": "\\"a621356ac688c9ae5403b53abd1a0194\\"", "size": 99308, "mimetype": "image/png", "cacheControl": "max-age=3600", "lastModified": "2026-06-02T08:20:47.000Z", "contentLength": 99308, "httpStatusCode": 200}	d5c3cccf-5877-4958-88cb-ede83d5b9357	\N	{}
043c1b9e-9b34-4992-a677-260c0dc07102	item-photos	public/gallery_1780459445539_1.jpg	\N	2026-06-03 04:04:06.292339+00	2026-06-03 04:04:06.292339+00	2026-06-03 04:04:06.292339+00	{"eTag": "\\"4a627a32e55195cd6aea4ff7d1211713\\"", "size": 43537, "mimetype": "image/jpeg", "cacheControl": "max-age=3600", "lastModified": "2026-06-03T04:04:07.000Z", "contentLength": 43537, "httpStatusCode": 200}	4eebe571-416a-48bb-b7a2-404f2df904bf	\N	{}
4a55f105-4885-4d2e-94d5-03ca257797b6	item-photos	public/thumbnail_1780388545015.jpg	\N	2026-06-02 08:22:26.308916+00	2026-06-02 08:22:26.308916+00	2026-06-02 08:22:26.308916+00	{"eTag": "\\"69c7195d6c5bc2034e8487308dd88cef\\"", "size": 81813, "mimetype": "image/jpeg", "cacheControl": "max-age=3600", "lastModified": "2026-06-02T08:22:27.000Z", "contentLength": 81813, "httpStatusCode": 200}	1362ca4a-1d6f-4ca3-a66c-d53698756ec5	\N	{}
1919b09a-6e24-439e-8eb2-5e5157bcc95c	item-photos	public/thumbnail_1780388646909.jpg	\N	2026-06-02 08:24:07.731986+00	2026-06-02 08:24:07.731986+00	2026-06-02 08:24:07.731986+00	{"eTag": "\\"01684ca50a85e1a30ca2c261b45466e9\\"", "size": 57334, "mimetype": "image/jpeg", "cacheControl": "max-age=3600", "lastModified": "2026-06-02T08:24:08.000Z", "contentLength": 57334, "httpStatusCode": 200}	95748eea-7198-4fc2-b1d9-64b5607e8d16	\N	{}
ecdf9fc4-b921-4cd8-b528-e7b91b68009e	item-photos	public/gallery_1780459445539_2.jpg	\N	2026-06-03 04:04:06.885187+00	2026-06-03 04:04:06.885187+00	2026-06-03 04:04:06.885187+00	{"eTag": "\\"6bef22fffcacf2cdcda635e6b9c6084d\\"", "size": 41134, "mimetype": "image/jpeg", "cacheControl": "max-age=3600", "lastModified": "2026-06-03T04:04:07.000Z", "contentLength": 41134, "httpStatusCode": 200}	525ef51d-629b-4545-af31-499e7466185a	\N	{}
10da7b2b-aa10-4baa-a909-daa758eb78bb	item-photos	public/thumbnail_1780388946158.jpg	\N	2026-06-02 08:29:08.312924+00	2026-06-02 08:29:08.312924+00	2026-06-02 08:29:08.312924+00	{"eTag": "\\"69c7195d6c5bc2034e8487308dd88cef\\"", "size": 81813, "mimetype": "image/jpeg", "cacheControl": "max-age=3600", "lastModified": "2026-06-02T08:29:09.000Z", "contentLength": 81813, "httpStatusCode": 200}	179a72b2-ff85-4abf-8c62-54e01771e9db	\N	{}
aa12e569-40dd-411d-b7df-7b16faa3a952	item-photos	public/gallery_1780459445539_3.jpg	\N	2026-06-03 04:04:08.285416+00	2026-06-03 04:04:08.285416+00	2026-06-03 04:04:08.285416+00	{"eTag": "\\"7b094b5063843fa6cf952cab5bc47ce3\\"", "size": 99287, "mimetype": "image/png", "cacheControl": "max-age=3600", "lastModified": "2026-06-03T04:04:09.000Z", "contentLength": 99287, "httpStatusCode": 200}	5f94a8c4-1b8a-4e2e-830d-9be5e2db6552	\N	{}
a21cef7e-e129-4b3d-98bc-272cd2caa7c6	item-photos	public/thumbnail_1780459838320.jpg	\N	2026-06-03 04:10:37.801238+00	2026-06-03 04:10:37.801238+00	2026-06-03 04:10:37.801238+00	{"eTag": "\\"6a5ee99f31fe3b87e42e758f445aba58\\"", "size": 23593, "mimetype": "image/jpeg", "cacheControl": "max-age=3600", "lastModified": "2026-06-03T04:10:38.000Z", "contentLength": 23593, "httpStatusCode": 200}	947a1a2c-d587-4ea8-b58c-5901db22e7f9	\N	{}
1c0ce03c-8e40-4341-aad7-0cecadc39402	item-photos	public/gallery_1780459838765_0.jpg	\N	2026-06-03 04:10:38.522472+00	2026-06-03 04:10:38.522472+00	2026-06-03 04:10:38.522472+00	{"eTag": "\\"0b22c483b6651017b5c54c37cd0e35d5\\"", "size": 51165, "mimetype": "image/jpeg", "cacheControl": "max-age=3600", "lastModified": "2026-06-03T04:10:39.000Z", "contentLength": 51165, "httpStatusCode": 200}	15b82606-d4f1-4b0b-9be9-75d8e63fae95	\N	{}
a2db1b7f-9aec-4779-be44-bea7fd1b8878	item-photos	public/gallery1_1780388954742.jpg	\N	2026-06-02 08:29:15.566067+00	2026-06-02 08:29:15.566067+00	2026-06-02 08:29:15.566067+00	{"eTag": "\\"6bef22fffcacf2cdcda635e6b9c6084d\\"", "size": 41134, "mimetype": "image/jpeg", "cacheControl": "max-age=3600", "lastModified": "2026-06-02T08:29:16.000Z", "contentLength": 41134, "httpStatusCode": 200}	067d455a-ef4c-4a96-a7fa-d99a5fc11f77	\N	{}
3e06b286-25dc-4fb1-afbe-715edfb9becf	item-photos	public/gallery_64_0_1780479036558.webp	\N	2026-06-03 09:30:36.089768+00	2026-06-03 09:30:36.089768+00	2026-06-03 09:30:36.089768+00	{"eTag": "\\"01e2c4b5833eeda7863f970daf6828ed\\"", "size": 4284, "mimetype": "image/webp", "cacheControl": "max-age=3600", "lastModified": "2026-06-03T09:30:37.000Z", "contentLength": 4284, "httpStatusCode": 200}	f9a25272-9e18-487d-bbe3-2c45822f2696	\N	{}
3747c713-b508-4b58-9efc-ba5932da35df	item-photos	public/gallery2_1780388955361.jpg	\N	2026-06-02 08:29:17.025975+00	2026-06-02 08:29:17.025975+00	2026-06-02 08:29:17.025975+00	{"eTag": "\\"e24c7f5927e46348d9497416dc422fd3\\"", "size": 99299, "mimetype": "image/png", "cacheControl": "max-age=3600", "lastModified": "2026-06-02T08:29:17.000Z", "contentLength": 99299, "httpStatusCode": 200}	ab6936c8-8df2-4ad1-9ee4-369460be0cf5	\N	{}
a3005de9-15ce-40be-a127-2b0a3da4abdc	item-photos	public/thumbnail_1780459637791.jpg	\N	2026-06-03 04:07:17.907655+00	2026-06-03 04:07:17.907655+00	2026-06-03 04:07:17.907655+00	{"eTag": "\\"01684ca50a85e1a30ca2c261b45466e9\\"", "size": 57334, "mimetype": "image/jpeg", "cacheControl": "max-age=3600", "lastModified": "2026-06-03T04:07:18.000Z", "contentLength": 57334, "httpStatusCode": 200}	c63aba2c-151e-4cab-a8c0-4eab281efdfc	\N	{}
1d64fbff-6f6e-47c1-9144-a494c19ece6c	item-photos	public/thumbnail_1780389460439.jpg	\N	2026-06-02 08:37:41.413403+00	2026-06-02 08:37:41.413403+00	2026-06-02 08:37:41.413403+00	{"eTag": "\\"6a5ee99f31fe3b87e42e758f445aba58\\"", "size": 23593, "mimetype": "image/jpeg", "cacheControl": "max-age=3600", "lastModified": "2026-06-02T08:37:42.000Z", "contentLength": 23593, "httpStatusCode": 200}	0ca0e681-706d-4e76-98f7-ecfadfcafa7b	\N	{}
19850058-0047-4ddf-815a-de0811cf72a1	item-photos	public/thumbnail_1780450097863.jpg	\N	2026-06-03 01:28:17.626734+00	2026-06-03 01:28:17.626734+00	2026-06-03 01:28:17.626734+00	{"eTag": "\\"6a5ee99f31fe3b87e42e758f445aba58\\"", "size": 23593, "mimetype": "image/jpeg", "cacheControl": "max-age=3600", "lastModified": "2026-06-03T01:28:18.000Z", "contentLength": 23593, "httpStatusCode": 200}	678d4e13-d88a-4c0f-80af-f870d44a0625	\N	{}
3e801383-df0c-4918-836d-03af84a92f83	item-photos	public/gallery_1780459638878_0.jpg	\N	2026-06-03 04:07:18.664853+00	2026-06-03 04:07:18.664853+00	2026-06-03 04:07:18.664853+00	{"eTag": "\\"0b22c483b6651017b5c54c37cd0e35d5\\"", "size": 51165, "mimetype": "image/jpeg", "cacheControl": "max-age=3600", "lastModified": "2026-06-03T04:07:19.000Z", "contentLength": 51165, "httpStatusCode": 200}	0f2bbcfc-4599-4d49-9149-db62d1ae272c	\N	{}
db584dd3-2b21-4b4d-842e-bed07d7fb8df	item-photos	public/gallery0_1780450098691.jpg	\N	2026-06-03 01:28:18.236134+00	2026-06-03 01:28:18.236134+00	2026-06-03 01:28:18.236134+00	{"eTag": "\\"0b22c483b6651017b5c54c37cd0e35d5\\"", "size": 51165, "mimetype": "image/jpeg", "cacheControl": "max-age=3600", "lastModified": "2026-06-03T01:28:19.000Z", "contentLength": 51165, "httpStatusCode": 200}	48ea55ce-4aac-4357-b38f-3a4ee6cf00c1	\N	{}
6aa6772a-9145-4e6a-a9ca-d6d5c19fed9c	item-photos	public/gallery_64_1_1780479037331.webp	\N	2026-06-03 09:30:36.807853+00	2026-06-03 09:30:36.807853+00	2026-06-03 09:30:36.807853+00	{"eTag": "\\"f7ee485ea59942cce034db3f890e47b2\\"", "size": 4706, "mimetype": "image/webp", "cacheControl": "max-age=3600", "lastModified": "2026-06-03T09:30:37.000Z", "contentLength": 4706, "httpStatusCode": 200}	70c88866-34bb-473a-81ff-4e98f31cacb2	\N	{}
fcac4a78-3da0-447e-b934-e588a9a9a818	item-photos	public/gallery1_1780450099299.jpg	\N	2026-06-03 01:28:18.941244+00	2026-06-03 01:28:18.941244+00	2026-06-03 01:28:18.941244+00	{"eTag": "\\"4a627a32e55195cd6aea4ff7d1211713\\"", "size": 43537, "mimetype": "image/jpeg", "cacheControl": "max-age=3600", "lastModified": "2026-06-03T01:28:19.000Z", "contentLength": 43537, "httpStatusCode": 200}	ce87de5d-9549-4438-b4d1-cad523dd685f	\N	{}
c53a5a3d-88a8-433f-bab6-1f49ec0e2694	item-photos	public/gallery_1780459638878_1.jpg	\N	2026-06-03 04:07:19.765347+00	2026-06-03 04:07:19.765347+00	2026-06-03 04:07:19.765347+00	{"eTag": "\\"4a627a32e55195cd6aea4ff7d1211713\\"", "size": 43537, "mimetype": "image/jpeg", "cacheControl": "max-age=3600", "lastModified": "2026-06-03T04:07:20.000Z", "contentLength": 43537, "httpStatusCode": 200}	f638daca-7a50-436b-8b1c-bf056974efd0	\N	{}
2346ad6f-c0be-41d5-82e8-e5d1fcfdbe50	item-photos	public/gallery2_1780450099993.jpg	\N	2026-06-03 01:28:19.502259+00	2026-06-03 01:28:19.502259+00	2026-06-03 01:28:19.502259+00	{"eTag": "\\"6bef22fffcacf2cdcda635e6b9c6084d\\"", "size": 41134, "mimetype": "image/jpeg", "cacheControl": "max-age=3600", "lastModified": "2026-06-03T01:28:20.000Z", "contentLength": 41134, "httpStatusCode": 200}	d053a3a4-4c79-43e7-8682-9a9d2d2ab7d4	\N	{}
375f417b-750f-4136-be8e-f61930d88709	item-photos	public/gallery3_1780450100561.jpg	\N	2026-06-03 01:28:20.861396+00	2026-06-03 01:28:20.861396+00	2026-06-03 01:28:20.861396+00	{"eTag": "\\"960ac84d159384bc6c624f460dc9efaa\\"", "size": 99325, "mimetype": "image/png", "cacheControl": "max-age=3600", "lastModified": "2026-06-03T01:28:21.000Z", "contentLength": 99325, "httpStatusCode": 200}	09d56067-7f01-43a8-8167-fef4378cec54	\N	{}
6a12bb75-7214-45e6-be27-b8c1b9102e21	item-photos	public/thumbnail_1780450130105.jpg	\N	2026-06-03 01:28:49.426292+00	2026-06-03 01:28:49.426292+00	2026-06-03 01:28:49.426292+00	{"eTag": "\\"6a5ee99f31fe3b87e42e758f445aba58\\"", "size": 23593, "mimetype": "image/jpeg", "cacheControl": "max-age=3600", "lastModified": "2026-06-03T01:28:50.000Z", "contentLength": 23593, "httpStatusCode": 200}	95d3ceb0-62c4-491b-a6eb-1994e4be2358	\N	{}
deb87e34-bb3c-4360-9e80-0f63c88ee85c	item-photos	public/gallery0_1780450130478.jpg	\N	2026-06-03 01:28:50.025185+00	2026-06-03 01:28:50.025185+00	2026-06-03 01:28:50.025185+00	{"eTag": "\\"0b22c483b6651017b5c54c37cd0e35d5\\"", "size": 51165, "mimetype": "image/jpeg", "cacheControl": "max-age=3600", "lastModified": "2026-06-03T01:28:50.000Z", "contentLength": 51165, "httpStatusCode": 200}	20fc4ac8-406d-4acf-9326-52d08fd5c496	\N	{}
695bb8e7-aafe-46e0-8551-e8307a626df4	item-photos	public/gallery1_1780450131078.jpg	\N	2026-06-03 01:28:50.716581+00	2026-06-03 01:28:50.716581+00	2026-06-03 01:28:50.716581+00	{"eTag": "\\"4a627a32e55195cd6aea4ff7d1211713\\"", "size": 43537, "mimetype": "image/jpeg", "cacheControl": "max-age=3600", "lastModified": "2026-06-03T01:28:51.000Z", "contentLength": 43537, "httpStatusCode": 200}	602acae1-b223-4e40-9dd0-2dbff2745d9d	\N	{}
d834830f-16ee-43e5-80be-f10350ec57c1	item-photos	public/gallery2_1780450131779.jpg	\N	2026-06-03 01:28:51.257427+00	2026-06-03 01:28:51.257427+00	2026-06-03 01:28:51.257427+00	{"eTag": "\\"6bef22fffcacf2cdcda635e6b9c6084d\\"", "size": 41134, "mimetype": "image/jpeg", "cacheControl": "max-age=3600", "lastModified": "2026-06-03T01:28:52.000Z", "contentLength": 41134, "httpStatusCode": 200}	77161e18-ea02-436a-a666-6ee802268eb1	\N	{}
519f8e42-933a-4f82-9abc-1d22cdb5f07b	item-photos	public/gallery_1780459638878_2.jpg	\N	2026-06-03 04:07:20.459372+00	2026-06-03 04:07:20.459372+00	2026-06-03 04:07:20.459372+00	{"eTag": "\\"6bef22fffcacf2cdcda635e6b9c6084d\\"", "size": 41134, "mimetype": "image/jpeg", "cacheControl": "max-age=3600", "lastModified": "2026-06-03T04:07:21.000Z", "contentLength": 41134, "httpStatusCode": 200}	ba653d18-a59d-47a5-9660-2d155b0a997a	\N	{}
84331041-b830-41e1-9e1c-3354e6c72069	item-photos	public/gallery3_1780450132324.jpg	\N	2026-06-03 01:28:52.653977+00	2026-06-03 01:28:52.653977+00	2026-06-03 01:28:52.653977+00	{"eTag": "\\"32a9b3af2d8340317aac8e1b69b1db12\\"", "size": 99332, "mimetype": "image/png", "cacheControl": "max-age=3600", "lastModified": "2026-06-03T01:28:53.000Z", "contentLength": 99332, "httpStatusCode": 200}	68ea7b0f-d68b-41fa-8121-1e2fbb3a406e	\N	{}
d3256fd8-37f0-48d1-b9bd-07d9ec9dbd7b	item-photos	public/thumbnail_1780450137024.jpg	\N	2026-06-03 01:28:56.318438+00	2026-06-03 01:28:56.318438+00	2026-06-03 01:28:56.318438+00	{"eTag": "\\"6a5ee99f31fe3b87e42e758f445aba58\\"", "size": 23593, "mimetype": "image/jpeg", "cacheControl": "max-age=3600", "lastModified": "2026-06-03T01:28:57.000Z", "contentLength": 23593, "httpStatusCode": 200}	bbbb0177-660b-4f43-abba-23537425da08	\N	{}
1c51ea41-a946-4446-b2bf-d2d72f822b26	item-photos	public/gallery_1780459638878_3.jpg	\N	2026-06-03 04:07:22.18117+00	2026-06-03 04:07:22.18117+00	2026-06-03 04:07:22.18117+00	{"eTag": "\\"2bf1427c38839167df2dd8f0b5907db6\\"", "size": 99273, "mimetype": "image/png", "cacheControl": "max-age=3600", "lastModified": "2026-06-03T04:07:23.000Z", "contentLength": 99273, "httpStatusCode": 200}	992f7472-e684-4a5e-9675-5627dd23c22d	\N	{}
083794fa-55ab-45dd-a8a2-38a3cd0e7517	item-photos	public/gallery0_1780450137377.jpg	\N	2026-06-03 01:28:56.952903+00	2026-06-03 01:28:56.952903+00	2026-06-03 01:28:56.952903+00	{"eTag": "\\"0b22c483b6651017b5c54c37cd0e35d5\\"", "size": 51165, "mimetype": "image/jpeg", "cacheControl": "max-age=3600", "lastModified": "2026-06-03T01:28:57.000Z", "contentLength": 51165, "httpStatusCode": 200}	601ee53b-cc84-44ac-a2fe-359274753399	\N	{}
4722a4de-ccdf-42fa-8811-861530ce4694	item-photos	public/gallery_64_2_1780479037891.webp	\N	2026-06-03 09:30:37.37149+00	2026-06-03 09:30:37.37149+00	2026-06-03 09:30:37.37149+00	{"eTag": "\\"859845edb5ee16c494ca65d3de27f96e\\"", "size": 2600, "mimetype": "image/webp", "cacheControl": "max-age=3600", "lastModified": "2026-06-03T09:30:38.000Z", "contentLength": 2600, "httpStatusCode": 200}	8abdfa0d-57e6-448c-8640-0de4b01c1553	\N	{}
60fce5a2-9934-4c2f-8081-edabcef012dc	item-photos	public/gallery1_1780450138017.jpg	\N	2026-06-03 01:28:57.600553+00	2026-06-03 01:28:57.600553+00	2026-06-03 01:28:57.600553+00	{"eTag": "\\"4a627a32e55195cd6aea4ff7d1211713\\"", "size": 43537, "mimetype": "image/jpeg", "cacheControl": "max-age=3600", "lastModified": "2026-06-03T01:28:58.000Z", "contentLength": 43537, "httpStatusCode": 200}	146eb818-13f0-4858-bf2e-49406ab99287	\N	{}
a77cf439-520e-42fe-a7d8-fe97fb551272	item-photos	public/thumbnail_1780459658519.jpg	\N	2026-06-03 04:07:38.181625+00	2026-06-03 04:07:38.181625+00	2026-06-03 04:07:38.181625+00	{"eTag": "\\"01684ca50a85e1a30ca2c261b45466e9\\"", "size": 57334, "mimetype": "image/jpeg", "cacheControl": "max-age=3600", "lastModified": "2026-06-03T04:07:39.000Z", "contentLength": 57334, "httpStatusCode": 200}	3faad2b2-c9f0-42c2-b581-94ea926e40ce	\N	{}
4d2d566f-8a01-4d32-9e31-ecb065a015ba	item-photos	public/gallery2_1780450138662.jpg	\N	2026-06-03 01:28:58.127344+00	2026-06-03 01:28:58.127344+00	2026-06-03 01:28:58.127344+00	{"eTag": "\\"6bef22fffcacf2cdcda635e6b9c6084d\\"", "size": 41134, "mimetype": "image/jpeg", "cacheControl": "max-age=3600", "lastModified": "2026-06-03T01:28:59.000Z", "contentLength": 41134, "httpStatusCode": 200}	7a11bd7c-11d7-48fb-b0e8-ea2e29e418d2	\N	{}
269ae6b3-e446-4472-8e21-460a8273c7c4	item-photos	public/gallery3_1780450139178.jpg	\N	2026-06-03 01:28:59.486994+00	2026-06-03 01:28:59.486994+00	2026-06-03 01:28:59.486994+00	{"eTag": "\\"0192b4b6939634d720c2ed3c2b9e22a2\\"", "size": 99280, "mimetype": "image/png", "cacheControl": "max-age=3600", "lastModified": "2026-06-03T01:29:00.000Z", "contentLength": 99280, "httpStatusCode": 200}	b965a48e-df8f-4762-b2c1-1de66d22ac89	\N	{}
42771cf6-cdbf-4148-a4f7-0d000e2888bd	item-photos	public/gallery_1780459659152_0.jpg	\N	2026-06-03 04:07:38.831414+00	2026-06-03 04:07:38.831414+00	2026-06-03 04:07:38.831414+00	{"eTag": "\\"0b22c483b6651017b5c54c37cd0e35d5\\"", "size": 51165, "mimetype": "image/jpeg", "cacheControl": "max-age=3600", "lastModified": "2026-06-03T04:07:39.000Z", "contentLength": 51165, "httpStatusCode": 200}	547bf152-13ac-4047-9c68-c867158f0886	\N	{}
815aa0ff-1e0e-451c-90df-9a907e180902	item-photos	public/gallery_64_3_1780479038235.webp	\N	2026-06-03 09:30:37.699237+00	2026-06-03 09:30:37.699237+00	2026-06-03 09:30:37.699237+00	{"eTag": "\\"e641f868e89387e32501a399479211a3\\"", "size": 8050, "mimetype": "image/webp", "cacheControl": "max-age=3600", "lastModified": "2026-06-03T09:30:38.000Z", "contentLength": 8050, "httpStatusCode": 200}	53da3b61-759c-4507-9104-a5b1de09a2f1	\N	{}
687eeded-5317-48af-abd5-9a0aea4efc7b	item-photos	public/gallery_1780459659152_1.jpg	\N	2026-06-03 04:07:39.604815+00	2026-06-03 04:07:39.604815+00	2026-06-03 04:07:39.604815+00	{"eTag": "\\"4a627a32e55195cd6aea4ff7d1211713\\"", "size": 43537, "mimetype": "image/jpeg", "cacheControl": "max-age=3600", "lastModified": "2026-06-03T04:07:40.000Z", "contentLength": 43537, "httpStatusCode": 200}	dd0d0b2e-349b-4dd6-937d-b6ae8b6e6b73	\N	{}
043b94c7-3785-4ba9-aa69-71127266864f	item-photos	public/gallery_1780459659152_2.jpg	\N	2026-06-03 04:07:40.162536+00	2026-06-03 04:07:40.162536+00	2026-06-03 04:07:40.162536+00	{"eTag": "\\"6bef22fffcacf2cdcda635e6b9c6084d\\"", "size": 41134, "mimetype": "image/jpeg", "cacheControl": "max-age=3600", "lastModified": "2026-06-03T04:07:41.000Z", "contentLength": 41134, "httpStatusCode": 200}	77e41952-6182-42a5-b23d-a1a6ab800f66	\N	{}
d135d148-24e4-406a-bf36-044fc256df9b	item-photos	public/gallery_1780459838765_1.jpg	\N	2026-06-03 04:10:39.505136+00	2026-06-03 04:10:39.505136+00	2026-06-03 04:10:39.505136+00	{"eTag": "\\"4a627a32e55195cd6aea4ff7d1211713\\"", "size": 43537, "mimetype": "image/jpeg", "cacheControl": "max-age=3600", "lastModified": "2026-06-03T04:10:40.000Z", "contentLength": 43537, "httpStatusCode": 200}	96cb65a5-5734-42c3-bfc6-03d82ec16e41	\N	{}
3828a0ab-2952-4192-86eb-bc9ae51286aa	item-photos	public/gallery_1780459838765_2.jpg	\N	2026-06-03 04:10:40.036954+00	2026-06-03 04:10:40.036954+00	2026-06-03 04:10:40.036954+00	{"eTag": "\\"6bef22fffcacf2cdcda635e6b9c6084d\\"", "size": 41134, "mimetype": "image/jpeg", "cacheControl": "max-age=3600", "lastModified": "2026-06-03T04:10:40.000Z", "contentLength": 41134, "httpStatusCode": 200}	0b8f8cf0-88ac-492a-9926-4adb0a1a2801	\N	{}
2ef8da4f-c345-4b18-8908-83b18553832e	item-photos	public/thumbnail_1780479069772.webp	\N	2026-06-03 09:31:09.41917+00	2026-06-03 09:31:09.41917+00	2026-06-03 09:31:09.41917+00	{"eTag": "\\"4ba6d37661473dd96cbc0a6e11df9e6b\\"", "size": 5248, "mimetype": "image/webp", "cacheControl": "max-age=3600", "lastModified": "2026-06-03T09:31:10.000Z", "contentLength": 5248, "httpStatusCode": 200}	351e04d3-f4e7-451a-a110-f07a4c966bd1	\N	{}
593819f9-a264-4bdf-beed-818a05c71bd8	item-photos	public/gallery_1780459838765_3.jpg	\N	2026-06-03 04:10:41.488184+00	2026-06-03 04:10:41.488184+00	2026-06-03 04:10:41.488184+00	{"eTag": "\\"ef8ea8df822540a0b655b3a1c85cf601\\"", "size": 99261, "mimetype": "image/png", "cacheControl": "max-age=3600", "lastModified": "2026-06-03T04:10:42.000Z", "contentLength": 99261, "httpStatusCode": 200}	36e6b22c-5bff-45aa-b68b-50a2a437cc31	\N	{}
3bd8bb9a-635a-46e5-a4c5-fc6efac0f051	item-photos	public/thumbnail_1780459877359.jpg	\N	2026-06-03 04:11:17.358645+00	2026-06-03 04:11:17.358645+00	2026-06-03 04:11:17.358645+00	{"eTag": "\\"0b22c483b6651017b5c54c37cd0e35d5\\"", "size": 51165, "mimetype": "image/jpeg", "cacheControl": "max-age=3600", "lastModified": "2026-06-03T04:11:18.000Z", "contentLength": 51165, "httpStatusCode": 200}	964ad8ac-bc05-440e-a16e-b12373ff7f74	\N	{}
cd2cfac2-0f69-446b-bb20-c666d6d0fe3c	item-photos	public/thumbnail_64_1780479281778.webp	\N	2026-06-03 09:34:41.694174+00	2026-06-03 09:34:41.694174+00	2026-06-03 09:34:41.694174+00	{"eTag": "\\"a75e62b0d806d712ded51880930218c7\\"", "size": 11014, "mimetype": "image/webp", "cacheControl": "max-age=3600", "lastModified": "2026-06-03T09:34:42.000Z", "contentLength": 11014, "httpStatusCode": 200}	420aab62-839c-4ce2-bd7a-a29ed444844b	\N	{}
ea80706e-fbe2-45d9-ba7f-38a327ac00e2	item-photos	public/gallery_1780459878319_0.jpg	\N	2026-06-03 04:11:17.66033+00	2026-06-03 04:11:17.66033+00	2026-06-03 04:11:17.66033+00	{"eTag": "\\"6a5ee99f31fe3b87e42e758f445aba58\\"", "size": 23593, "mimetype": "image/jpeg", "cacheControl": "max-age=3600", "lastModified": "2026-06-03T04:11:18.000Z", "contentLength": 23593, "httpStatusCode": 200}	470ae687-ac15-47d9-8843-3a41c26cab6a	\N	{}
897cb451-515a-4f83-87f1-9843ba35304b	item-photos	public/gallery_1780459878319_1.jpg	\N	2026-06-03 04:11:18.094884+00	2026-06-03 04:11:18.094884+00	2026-06-03 04:11:18.094884+00	{"eTag": "\\"01684ca50a85e1a30ca2c261b45466e9\\"", "size": 57334, "mimetype": "image/jpeg", "cacheControl": "max-age=3600", "lastModified": "2026-06-03T04:11:19.000Z", "contentLength": 57334, "httpStatusCode": 200}	3a2cd445-2206-449c-81d5-31b06b5d3e5f	\N	{}
af0b9a9c-475f-41b9-9e51-53009c731507	item-photos	public/gallery_0_1780479501321.webp	\N	2026-06-03 09:38:20.876791+00	2026-06-03 09:38:20.876791+00	2026-06-03 09:38:20.876791+00	{"eTag": "\\"d474334ca0c30e95cca85db9749c74a7\\"", "size": 6970, "mimetype": "image/webp", "cacheControl": "max-age=3600", "lastModified": "2026-06-03T09:38:21.000Z", "contentLength": 6970, "httpStatusCode": 200}	dfa4216e-0a63-4e58-8aac-a4ac221802e7	\N	{}
cf2e642f-a524-4a7a-84a8-60be4e023c6d	item-photos	public/gallery_1780459878319_2.jpg	\N	2026-06-03 04:11:18.923679+00	2026-06-03 04:11:18.923679+00	2026-06-03 04:11:18.923679+00	{"eTag": "\\"69c7195d6c5bc2034e8487308dd88cef\\"", "size": 81813, "mimetype": "image/jpeg", "cacheControl": "max-age=3600", "lastModified": "2026-06-03T04:11:19.000Z", "contentLength": 81813, "httpStatusCode": 200}	bf60c43e-2403-4e4b-8a16-dde051b102c6	\N	{}
556f9a28-be39-47af-8552-3076118c56ce	item-photos	public/gallery_1780459878319_3.jpg	\N	2026-06-03 04:11:19.364527+00	2026-06-03 04:11:19.364527+00	2026-06-03 04:11:19.364527+00	{"eTag": "\\"b227df3e6e87ff04734262a5516c598f\\"", "size": 54087, "mimetype": "image/jpeg", "cacheControl": "max-age=3600", "lastModified": "2026-06-03T04:11:20.000Z", "contentLength": 54087, "httpStatusCode": 200}	490a0dcf-9be4-49b3-84ac-d73c992d3ee5	\N	{}
95c22a45-44dd-4356-a316-0164d7d99734	item-photos	public/gallery_1780459878319_4.jpg	\N	2026-06-03 04:11:19.872406+00	2026-06-03 04:11:19.872406+00	2026-06-03 04:11:19.872406+00	{"eTag": "\\"6bef22fffcacf2cdcda635e6b9c6084d\\"", "size": 41134, "mimetype": "image/jpeg", "cacheControl": "max-age=3600", "lastModified": "2026-06-03T04:11:20.000Z", "contentLength": 41134, "httpStatusCode": 200}	2a5cd8d2-bbf2-477f-b160-6b3bfe42e154	\N	{}
162541d4-ebfa-42b6-b65c-dc0fcf95d4b0	item-photos	public/gallery_1780459878319_5.jpg	\N	2026-06-03 04:11:21.213854+00	2026-06-03 04:11:21.213854+00	2026-06-03 04:11:21.213854+00	{"eTag": "\\"6362f537aa3562b526ac1d6116359846\\"", "size": 99279, "mimetype": "image/png", "cacheControl": "max-age=3600", "lastModified": "2026-06-03T04:11:22.000Z", "contentLength": 99279, "httpStatusCode": 200}	72fd0a12-dce2-4708-b40e-1d0683099d07	\N	{}
996cb07b-f87d-4a25-8daf-70c01353c978	item-photos	public/thumbnail_1780459983486.jpg	\N	2026-06-03 04:13:03.350607+00	2026-06-03 04:13:03.350607+00	2026-06-03 04:13:03.350607+00	{"eTag": "\\"01684ca50a85e1a30ca2c261b45466e9\\"", "size": 57334, "mimetype": "image/jpeg", "cacheControl": "max-age=3600", "lastModified": "2026-06-03T04:13:04.000Z", "contentLength": 57334, "httpStatusCode": 200}	5a6a8eaf-45c9-4fd5-b63c-8e7f6b30e428	\N	{}
59d509d2-423f-4fe2-8fdc-722430a37072	item-photos	public/gallery_1780459984314_0.jpg	\N	2026-06-03 04:13:03.692707+00	2026-06-03 04:13:03.692707+00	2026-06-03 04:13:03.692707+00	{"eTag": "\\"6a5ee99f31fe3b87e42e758f445aba58\\"", "size": 23593, "mimetype": "image/jpeg", "cacheControl": "max-age=3600", "lastModified": "2026-06-03T04:13:04.000Z", "contentLength": 23593, "httpStatusCode": 200}	47c96cba-6801-442f-b4b6-7d30d7e58d1a	\N	{}
ea2002f3-1589-4e36-b21e-6c6e0a818455	item-photos	public/gallery_1780459984314_1.jpg	\N	2026-06-03 04:13:04.463156+00	2026-06-03 04:13:04.463156+00	2026-06-03 04:13:04.463156+00	{"eTag": "\\"0b22c483b6651017b5c54c37cd0e35d5\\"", "size": 51165, "mimetype": "image/jpeg", "cacheControl": "max-age=3600", "lastModified": "2026-06-03T04:13:05.000Z", "contentLength": 51165, "httpStatusCode": 200}	dfd42807-ae40-4d08-80a9-180488cf4979	\N	{}
9cf3fd79-f50d-47d0-9437-0dde52029124	item-photos	public/gallery_0_1780479291631.webp	\N	2026-06-03 09:34:51.163172+00	2026-06-03 09:34:51.163172+00	2026-06-03 09:34:51.163172+00	{"eTag": "\\"01e2c4b5833eeda7863f970daf6828ed\\"", "size": 4284, "mimetype": "image/webp", "cacheControl": "max-age=3600", "lastModified": "2026-06-03T09:34:52.000Z", "contentLength": 4284, "httpStatusCode": 200}	4fd73871-42af-44e2-918a-09c9d688dc86	\N	{}
6c2bc020-129d-4a41-81f4-87d89c320ff0	item-photos	public/gallery_1780459984314_2.jpg	\N	2026-06-03 04:13:05.155679+00	2026-06-03 04:13:05.155679+00	2026-06-03 04:13:05.155679+00	{"eTag": "\\"4a627a32e55195cd6aea4ff7d1211713\\"", "size": 43537, "mimetype": "image/jpeg", "cacheControl": "max-age=3600", "lastModified": "2026-06-03T04:13:06.000Z", "contentLength": 43537, "httpStatusCode": 200}	8c31bbba-b8ff-47f7-92fe-c2ab7f58b6db	\N	{}
6117be1a-8197-4248-a082-3e807e2d1f6f	item-photos	public/gallery_1780459984314_3.jpg	\N	2026-06-03 04:13:05.715473+00	2026-06-03 04:13:05.715473+00	2026-06-03 04:13:05.715473+00	{"eTag": "\\"6bef22fffcacf2cdcda635e6b9c6084d\\"", "size": 41134, "mimetype": "image/jpeg", "cacheControl": "max-age=3600", "lastModified": "2026-06-03T04:13:06.000Z", "contentLength": 41134, "httpStatusCode": 200}	b6928b02-e444-4512-8a3b-91694934b929	\N	{}
ddfc3dd3-775e-4441-9034-50d7a603448e	item-photos	public/gallery_1_1780479292201.webp	\N	2026-06-03 09:34:51.747642+00	2026-06-03 09:34:51.747642+00	2026-06-03 09:34:51.747642+00	{"eTag": "\\"f7ee485ea59942cce034db3f890e47b2\\"", "size": 4706, "mimetype": "image/webp", "cacheControl": "max-age=3600", "lastModified": "2026-06-03T09:34:52.000Z", "contentLength": 4706, "httpStatusCode": 200}	074c1e1f-c32d-4316-86c3-04742cc1a46f	\N	{}
27bc01d1-fdb0-4db5-b539-cdf25657b328	item-photos	public/gallery_1780459984314_4.jpg	\N	2026-06-03 04:13:07.113841+00	2026-06-03 04:13:07.113841+00	2026-06-03 04:13:07.113841+00	{"eTag": "\\"42d2606d1867b258bcf6df79055b44b7\\"", "size": 99358, "mimetype": "image/png", "cacheControl": "max-age=3600", "lastModified": "2026-06-03T04:13:08.000Z", "contentLength": 99358, "httpStatusCode": 200}	a533e029-9594-4bff-8d51-75e504e06d50	\N	{}
bc9980af-cc05-4693-bcbb-715eb9f33914	item-photos	public/thumbnail_1780460054529.jpg	\N	2026-06-03 04:14:14.440675+00	2026-06-03 04:14:14.440675+00	2026-06-03 04:14:14.440675+00	{"eTag": "\\"b227df3e6e87ff04734262a5516c598f\\"", "size": 54087, "mimetype": "image/jpeg", "cacheControl": "max-age=3600", "lastModified": "2026-06-03T04:14:15.000Z", "contentLength": 54087, "httpStatusCode": 200}	903e47ca-a171-43ee-82b0-a60b5ddb48ef	\N	{}
9bb05886-99ac-4299-8b31-eef1255bc821	item-photos	public/gallery_2_1780479292836.webp	\N	2026-06-03 09:34:52.298057+00	2026-06-03 09:34:52.298057+00	2026-06-03 09:34:52.298057+00	{"eTag": "\\"859845edb5ee16c494ca65d3de27f96e\\"", "size": 2600, "mimetype": "image/webp", "cacheControl": "max-age=3600", "lastModified": "2026-06-03T09:34:53.000Z", "contentLength": 2600, "httpStatusCode": 200}	be224b28-aada-46a3-b7d2-0c1a32cfe39f	\N	{}
cfe5c4ba-6d71-44ab-85c2-559f0b50a2de	item-photos	public/gallery_1780460055394_0.jpg	\N	2026-06-03 04:14:14.738815+00	2026-06-03 04:14:14.738815+00	2026-06-03 04:14:14.738815+00	{"eTag": "\\"6a5ee99f31fe3b87e42e758f445aba58\\"", "size": 23593, "mimetype": "image/jpeg", "cacheControl": "max-age=3600", "lastModified": "2026-06-03T04:14:15.000Z", "contentLength": 23593, "httpStatusCode": 200}	7590be30-971e-4a25-8863-c90a8a5cf91d	\N	{}
a969b3ef-6906-4a59-b75b-f42d40927032	item-photos	public/gallery_1780460055394_1.jpg	\N	2026-06-03 04:14:15.186142+00	2026-06-03 04:14:15.186142+00	2026-06-03 04:14:15.186142+00	{"eTag": "\\"01684ca50a85e1a30ca2c261b45466e9\\"", "size": 57334, "mimetype": "image/jpeg", "cacheControl": "max-age=3600", "lastModified": "2026-06-03T04:14:16.000Z", "contentLength": 57334, "httpStatusCode": 200}	24fba310-795e-49ab-ae2a-0f2e8b2b3e70	\N	{}
0a890e62-10d7-42d9-9759-0357eca37255	item-photos	public/gallery_3_1780479293160.webp	\N	2026-06-03 09:34:52.636087+00	2026-06-03 09:34:52.636087+00	2026-06-03 09:34:52.636087+00	{"eTag": "\\"e641f868e89387e32501a399479211a3\\"", "size": 8050, "mimetype": "image/webp", "cacheControl": "max-age=3600", "lastModified": "2026-06-03T09:34:53.000Z", "contentLength": 8050, "httpStatusCode": 200}	0db117ea-bdf3-4da6-a486-7bbbf354e5f8	\N	{}
630d08a8-b5f2-482a-acb6-b586c373edf9	item-photos	public/gallery_1780460055394_2.jpg	\N	2026-06-03 04:14:16.024529+00	2026-06-03 04:14:16.024529+00	2026-06-03 04:14:16.024529+00	{"eTag": "\\"69c7195d6c5bc2034e8487308dd88cef\\"", "size": 81813, "mimetype": "image/jpeg", "cacheControl": "max-age=3600", "lastModified": "2026-06-03T04:14:16.000Z", "contentLength": 81813, "httpStatusCode": 200}	10b1b8d8-0c7f-4946-9638-7347881e432a	\N	{}
2278a3e3-2217-4172-a630-6aaf3b3e5cb9	item-photos	public/gallery_1780460055394_3.jpg	\N	2026-06-03 04:14:16.554039+00	2026-06-03 04:14:16.554039+00	2026-06-03 04:14:16.554039+00	{"eTag": "\\"b227df3e6e87ff04734262a5516c598f\\"", "size": 54087, "mimetype": "image/jpeg", "cacheControl": "max-age=3600", "lastModified": "2026-06-03T04:14:17.000Z", "contentLength": 54087, "httpStatusCode": 200}	28138ebb-6da8-41e0-8ee2-bfdae801bf3c	\N	{}
f9b79b4a-3156-4a76-a13e-58c89e6bf2c3	item-photos	public/gallery_1780460055394_4.jpg	\N	2026-06-03 04:14:17.160031+00	2026-06-03 04:14:17.160031+00	2026-06-03 04:14:17.160031+00	{"eTag": "\\"6bef22fffcacf2cdcda635e6b9c6084d\\"", "size": 41134, "mimetype": "image/jpeg", "cacheControl": "max-age=3600", "lastModified": "2026-06-03T04:14:18.000Z", "contentLength": 41134, "httpStatusCode": 200}	62386854-cc91-473f-88d1-4e2cbd49d9e0	\N	{}
8486b751-589a-4af5-9127-816eb642e9b1	item-photos	public/gallery_1780460055394_5.jpg	\N	2026-06-03 04:14:18.594738+00	2026-06-03 04:14:18.594738+00	2026-06-03 04:14:18.594738+00	{"eTag": "\\"c4bd0155f0b01d7424fa30848ca7f33b\\"", "size": 99320, "mimetype": "image/png", "cacheControl": "max-age=3600", "lastModified": "2026-06-03T04:14:19.000Z", "contentLength": 99320, "httpStatusCode": 200}	49572ebe-a77b-4627-a3cd-4c92cb5516e7	\N	{}
7dce314d-afc6-4177-8257-a41c7406814b	item-photos	public/thumbnail_1780460168094.jpg	\N	2026-06-03 04:16:08.679211+00	2026-06-03 04:16:08.679211+00	2026-06-03 04:16:08.679211+00	{"eTag": "\\"69c7195d6c5bc2034e8487308dd88cef\\"", "size": 81813, "mimetype": "image/jpeg", "cacheControl": "max-age=3600", "lastModified": "2026-06-03T04:16:09.000Z", "contentLength": 81813, "httpStatusCode": 200}	51f6af7d-df49-43b8-8be2-8c30a470e460	\N	{}
e3fdf457-a803-4941-afed-01433edc4172	item-photos	public/gallery_0_1780479482152.webp	\N	2026-06-03 09:38:02.038274+00	2026-06-03 09:38:02.038274+00	2026-06-03 09:38:02.038274+00	{"eTag": "\\"d474334ca0c30e95cca85db9749c74a7\\"", "size": 6970, "mimetype": "image/webp", "cacheControl": "max-age=3600", "lastModified": "2026-06-03T09:38:02.000Z", "contentLength": 6970, "httpStatusCode": 200}	abb3c8f3-cd77-4802-8854-5517acdc0e79	\N	{}
8d1fbdab-fa99-4bff-826c-1a98444d43d1	item-photos	public/thumbnail_1780464531832.jpg	\N	2026-06-03 05:28:52.056021+00	2026-06-03 05:28:52.056021+00	2026-06-03 05:28:52.056021+00	{"eTag": "\\"01684ca50a85e1a30ca2c261b45466e9\\"", "size": 57334, "mimetype": "image/jpeg", "cacheControl": "max-age=3600", "lastModified": "2026-06-03T05:28:53.000Z", "contentLength": 57334, "httpStatusCode": 200}	d7972cdc-ba5c-400c-b8e2-c7befdb0af61	\N	{}
948ee6a7-025a-4cb5-9f8d-0da382613a48	item-photos	public/thumbnail_1780464708505.jpg	\N	2026-06-03 05:31:48.532319+00	2026-06-03 05:31:48.532319+00	2026-06-03 05:31:48.532319+00	{"eTag": "\\"01684ca50a85e1a30ca2c261b45466e9\\"", "size": 57334, "mimetype": "image/jpeg", "cacheControl": "max-age=3600", "lastModified": "2026-06-03T05:31:49.000Z", "contentLength": 57334, "httpStatusCode": 200}	2fc5be8f-cead-4511-b1d1-829d64fb9026	\N	{}
0ed2a62d-667a-4189-a00e-67cc0e0de0a4	item-photos	public/thumbnail_1780464796236.jpg	\N	2026-06-03 05:33:16.036368+00	2026-06-03 05:33:16.036368+00	2026-06-03 05:33:16.036368+00	{"eTag": "\\"01684ca50a85e1a30ca2c261b45466e9\\"", "size": 57334, "mimetype": "image/jpeg", "cacheControl": "max-age=3600", "lastModified": "2026-06-03T05:33:16.000Z", "contentLength": 57334, "httpStatusCode": 200}	c8f9e7d0-dcb2-46da-977c-c7be88115c7d	\N	{}
837d2daf-561f-42e8-b44b-5dac14aa32dc	item-photos	public/thumbnail_1780464888690.jpg	\N	2026-06-03 05:34:48.520623+00	2026-06-03 05:34:48.520623+00	2026-06-03 05:34:48.520623+00	{"eTag": "\\"01684ca50a85e1a30ca2c261b45466e9\\"", "size": 57334, "mimetype": "image/jpeg", "cacheControl": "max-age=3600", "lastModified": "2026-06-03T05:34:49.000Z", "contentLength": 57334, "httpStatusCode": 200}	6e45a574-b436-4b51-9a68-e7454d7aa31b	\N	{}
9fdc22e2-ab43-4e0c-8f3c-aa2a563962f8	item-photos	public/thumbnail_1780464959688.jpg	\N	2026-06-03 05:35:59.394316+00	2026-06-03 05:35:59.394316+00	2026-06-03 05:35:59.394316+00	{"eTag": "\\"01684ca50a85e1a30ca2c261b45466e9\\"", "size": 57334, "mimetype": "image/jpeg", "cacheControl": "max-age=3600", "lastModified": "2026-06-03T05:36:00.000Z", "contentLength": 57334, "httpStatusCode": 200}	2039161c-fbff-4114-83b1-4d9ac28311c3	\N	{}
04b994ed-929e-49ea-956b-8ac225567ee6	item-photos	public/adsf_0.jpg	\N	2026-06-03 05:36:00.418794+00	2026-06-03 05:36:00.418794+00	2026-06-03 05:36:00.418794+00	{"eTag": "\\"0b22c483b6651017b5c54c37cd0e35d5\\"", "size": 51165, "mimetype": "image/jpeg", "cacheControl": "max-age=3600", "lastModified": "2026-06-03T05:36:01.000Z", "contentLength": 51165, "httpStatusCode": 200}	34c55bcd-c7df-4145-a4bc-450408ee7398	\N	{}
d8c2bd91-3e5d-4257-a8fd-7fba9540c6e3	item-photos	public/adsf_1.jpg	\N	2026-06-03 05:36:01.314215+00	2026-06-03 05:36:01.314215+00	2026-06-03 05:36:01.314215+00	{"eTag": "\\"4a627a32e55195cd6aea4ff7d1211713\\"", "size": 43537, "mimetype": "image/jpeg", "cacheControl": "max-age=3600", "lastModified": "2026-06-03T05:36:02.000Z", "contentLength": 43537, "httpStatusCode": 200}	039b3077-dfb5-4d4f-ae05-b4c2401fc820	\N	{}
3258427d-5cc6-409e-80cd-7486eb5ab2c4	item-photos	public/adsf_2.jpg	\N	2026-06-03 05:36:02.001429+00	2026-06-03 05:36:02.001429+00	2026-06-03 05:36:02.001429+00	{"eTag": "\\"6bef22fffcacf2cdcda635e6b9c6084d\\"", "size": 41134, "mimetype": "image/jpeg", "cacheControl": "max-age=3600", "lastModified": "2026-06-03T05:36:02.000Z", "contentLength": 41134, "httpStatusCode": 200}	f6810737-d7c6-46ae-869d-279817853989	\N	{}
96279d88-f390-471c-80d7-a5dfe53882d2	item-photos	public/adsf_3.jpg	\N	2026-06-03 05:36:03.46176+00	2026-06-03 05:36:03.46176+00	2026-06-03 05:36:03.46176+00	{"eTag": "\\"57dbc03a11f9dd81eea351a2d0f9300b\\"", "size": 99305, "mimetype": "image/png", "cacheControl": "max-age=3600", "lastModified": "2026-06-03T05:36:04.000Z", "contentLength": 99305, "httpStatusCode": 200}	5bc13f58-8c65-4d8b-a8a9-6cd18d33b154	\N	{}
3a2c65b1-6b1b-4908-adb0-c19fcaa263db	item-photos	public/thumbnail_1780465033540.jpg	\N	2026-06-03 05:37:13.956841+00	2026-06-03 05:37:13.956841+00	2026-06-03 05:37:13.956841+00	{"eTag": "\\"69c7195d6c5bc2034e8487308dd88cef\\"", "size": 81813, "mimetype": "image/jpeg", "cacheControl": "max-age=3600", "lastModified": "2026-06-03T05:37:14.000Z", "contentLength": 81813, "httpStatusCode": 200}	d5fb8eed-5d13-4bd1-8855-5988c271e3c8	\N	{}
542ef0ea-eac1-4170-9e84-c544c524131f	item-photos	public/asdf_0.jpg	\N	2026-06-03 05:37:14.619427+00	2026-06-03 05:37:14.619427+00	2026-06-03 05:37:14.619427+00	{"eTag": "\\"0b22c483b6651017b5c54c37cd0e35d5\\"", "size": 51165, "mimetype": "image/jpeg", "cacheControl": "max-age=3600", "lastModified": "2026-06-03T05:37:15.000Z", "contentLength": 51165, "httpStatusCode": 200}	56302e1c-8c4a-4637-8719-a7204a4797ba	\N	{}
52a260db-3c87-4f0b-a102-d2aef2dacb94	item-photos	public/asdf_1.jpg	\N	2026-06-03 05:37:15.328965+00	2026-06-03 05:37:15.328965+00	2026-06-03 05:37:15.328965+00	{"eTag": "\\"4a627a32e55195cd6aea4ff7d1211713\\"", "size": 43537, "mimetype": "image/jpeg", "cacheControl": "max-age=3600", "lastModified": "2026-06-03T05:37:16.000Z", "contentLength": 43537, "httpStatusCode": 200}	3991cd21-bc6d-41d1-b4ab-c0564b9bf603	\N	{}
47727984-53bf-4ae4-91e2-fb6514780aea	item-photos	public/asdf_2.jpg	\N	2026-06-03 05:37:15.900909+00	2026-06-03 05:37:15.900909+00	2026-06-03 05:37:15.900909+00	{"eTag": "\\"6bef22fffcacf2cdcda635e6b9c6084d\\"", "size": 41134, "mimetype": "image/jpeg", "cacheControl": "max-age=3600", "lastModified": "2026-06-03T05:37:16.000Z", "contentLength": 41134, "httpStatusCode": 200}	fb160d87-ccfc-4e70-9e72-95f8b9aba632	\N	{}
15f50774-9beb-423f-a57e-0bc591b98685	item-photos	public/asdf_3.jpg	\N	2026-06-03 05:37:17.279174+00	2026-06-03 05:37:17.279174+00	2026-06-03 05:37:17.279174+00	{"eTag": "\\"be663b731bffd9bb0dbeabc30d3bcc90\\"", "size": 99256, "mimetype": "image/png", "cacheControl": "max-age=3600", "lastModified": "2026-06-03T05:37:18.000Z", "contentLength": 99256, "httpStatusCode": 200}	a4e5b903-75aa-4b55-863a-a6a85518ffd6	\N	{}
446f0002-7953-4037-a47f-d0fe30065c51	item-photos	public/thumbnail_1780465360437.jpg	\N	2026-06-03 05:42:40.472399+00	2026-06-03 05:42:40.472399+00	2026-06-03 05:42:40.472399+00	{"eTag": "\\"01684ca50a85e1a30ca2c261b45466e9\\"", "size": 57334, "mimetype": "image/jpeg", "cacheControl": "max-age=3600", "lastModified": "2026-06-03T05:42:41.000Z", "contentLength": 57334, "httpStatusCode": 200}	491c0f62-7055-4260-9d7a-8a46077bda3f	\N	{}
998d4877-8c06-456a-b6fb-8be1e40b58b5	item-photos	public/thumbnail_1780465446624.jpg	\N	2026-06-03 05:44:06.268051+00	2026-06-03 05:44:06.268051+00	2026-06-03 05:44:06.268051+00	{"eTag": "\\"01684ca50a85e1a30ca2c261b45466e9\\"", "size": 57334, "mimetype": "image/jpeg", "cacheControl": "max-age=3600", "lastModified": "2026-06-03T05:44:07.000Z", "contentLength": 57334, "httpStatusCode": 200}	14587be5-b959-498e-9e30-2f04a6e5568d	\N	{}
a71164be-b628-4808-bb6c-baa80f0b3476	item-photos	public/thumbnail_1780465469302.jpg	\N	2026-06-03 05:44:28.944826+00	2026-06-03 05:44:28.944826+00	2026-06-03 05:44:28.944826+00	{"eTag": "\\"01684ca50a85e1a30ca2c261b45466e9\\"", "size": 57334, "mimetype": "image/jpeg", "cacheControl": "max-age=3600", "lastModified": "2026-06-03T05:44:29.000Z", "contentLength": 57334, "httpStatusCode": 200}	a1c9c6c5-d8b7-4651-a377-8ab3458bf4ae	\N	{}
727f901a-d5e6-44c1-b104-89b84bd4c977	item-photos	public/thumbnail_1780465577717.jpg	\N	2026-06-03 05:46:17.906333+00	2026-06-03 05:46:17.906333+00	2026-06-03 05:46:17.906333+00	{"eTag": "\\"69c7195d6c5bc2034e8487308dd88cef\\"", "size": 81813, "mimetype": "image/jpeg", "cacheControl": "max-age=3600", "lastModified": "2026-06-03T05:46:18.000Z", "contentLength": 81813, "httpStatusCode": 200}	ef071925-6d50-4805-9f7f-5fc5c0e10e00	\N	{}
7b47ba64-de57-4f44-9376-ecfd57c5dcce	item-photos	public/thumbnail_1780465745500.jpg	\N	2026-06-03 05:49:06.394385+00	2026-06-03 05:49:06.394385+00	2026-06-03 05:49:06.394385+00	{"eTag": "\\"69c7195d6c5bc2034e8487308dd88cef\\"", "size": 81813, "mimetype": "image/jpeg", "cacheControl": "max-age=3600", "lastModified": "2026-06-03T05:49:07.000Z", "contentLength": 81813, "httpStatusCode": 200}	717a2ef9-bbfc-458b-8707-f58ff97ecac5	\N	{}
8ee3da04-0c0a-4b0c-97c1-03d18fcae2b7	item-photos	public/gallery_1780465747296_0.jpg	\N	2026-06-03 05:49:07.063765+00	2026-06-03 05:49:07.063765+00	2026-06-03 05:49:07.063765+00	{"eTag": "\\"0b22c483b6651017b5c54c37cd0e35d5\\"", "size": 51165, "mimetype": "image/jpeg", "cacheControl": "max-age=3600", "lastModified": "2026-06-03T05:49:08.000Z", "contentLength": 51165, "httpStatusCode": 200}	d4393262-9946-4461-b13e-0b9789496d27	\N	{}
8b6e07fc-e432-48c2-b506-5ae6a4028c04	item-photos	public/gallery_1780465747957_1.jpg	\N	2026-06-03 05:49:07.820354+00	2026-06-03 05:49:07.820354+00	2026-06-03 05:49:07.820354+00	{"eTag": "\\"4a627a32e55195cd6aea4ff7d1211713\\"", "size": 43537, "mimetype": "image/jpeg", "cacheControl": "max-age=3600", "lastModified": "2026-06-03T05:49:08.000Z", "contentLength": 43537, "httpStatusCode": 200}	b9d8befa-c76b-4f5b-a8e6-3df4af38bbc8	\N	{}
08c665fa-babb-48f8-be8d-12c761d031ff	item-photos	public/gallery_1780465748719_2.jpg	\N	2026-06-03 05:49:08.385136+00	2026-06-03 05:49:08.385136+00	2026-06-03 05:49:08.385136+00	{"eTag": "\\"6bef22fffcacf2cdcda635e6b9c6084d\\"", "size": 41134, "mimetype": "image/jpeg", "cacheControl": "max-age=3600", "lastModified": "2026-06-03T05:49:09.000Z", "contentLength": 41134, "httpStatusCode": 200}	ce802a14-938e-4989-9b38-c65fa078b4b1	\N	{}
3a9be748-f7e6-4a6b-90f9-d2ead59c55be	item-photos	public/gallery_1780465749272_3.jpg	\N	2026-06-03 05:49:09.851614+00	2026-06-03 05:49:09.851614+00	2026-06-03 05:49:09.851614+00	{"eTag": "\\"b8afd58ae5551ab1eb22be9cc7ba4b22\\"", "size": 99282, "mimetype": "image/png", "cacheControl": "max-age=3600", "lastModified": "2026-06-03T05:49:10.000Z", "contentLength": 99282, "httpStatusCode": 200}	4c8077bc-1539-4918-8f7d-90cef434164b	\N	{}
5e25cc0e-84ac-4dfe-ba4b-8afad28dd611	item-photos	public/gallery_1780466267459_0.jpg	\N	2026-06-03 05:57:47.469909+00	2026-06-03 05:57:47.469909+00	2026-06-03 05:57:47.469909+00	{"eTag": "\\"f130322d53419763c51ff2feb254a3b0\\"", "size": 26893, "mimetype": "image/jpeg", "cacheControl": "max-age=3600", "lastModified": "2026-06-03T05:57:48.000Z", "contentLength": 26893, "httpStatusCode": 200}	9f6c80f9-bf0c-4938-95c0-570e94278d75	\N	{}
a736401c-f6ad-44c3-918f-8f9009e94c48	item-photos	public/gallery_1780466308173_0.jpg	\N	2026-06-03 05:58:27.75224+00	2026-06-03 05:58:27.75224+00	2026-06-03 05:58:27.75224+00	{"eTag": "\\"f130322d53419763c51ff2feb254a3b0\\"", "size": 26893, "mimetype": "image/jpeg", "cacheControl": "max-age=3600", "lastModified": "2026-06-03T05:58:28.000Z", "contentLength": 26893, "httpStatusCode": 200}	ad8f9ae2-c3af-4f7a-b871-1117e99b009f	\N	{}
d9cba980-1f1f-4ae0-addc-09817816baa1	item-photos	public/gallery_1780466331854_0.jpg	\N	2026-06-03 05:58:51.325142+00	2026-06-03 05:58:51.325142+00	2026-06-03 05:58:51.325142+00	{"eTag": "\\"f130322d53419763c51ff2feb254a3b0\\"", "size": 26893, "mimetype": "image/jpeg", "cacheControl": "max-age=3600", "lastModified": "2026-06-03T05:58:52.000Z", "contentLength": 26893, "httpStatusCode": 200}	84c31be0-63e1-4f81-879d-8989c7126ea1	\N	{}
72fd45b9-3679-43ce-b8b6-331e8eb2af38	item-photos	public/gallery_1780466550761_0.jpg	\N	2026-06-03 06:02:30.293196+00	2026-06-03 06:02:30.293196+00	2026-06-03 06:02:30.293196+00	{"eTag": "\\"f130322d53419763c51ff2feb254a3b0\\"", "size": 26893, "mimetype": "image/jpeg", "cacheControl": "max-age=3600", "lastModified": "2026-06-03T06:02:31.000Z", "contentLength": 26893, "httpStatusCode": 200}	96b21ec0-45ed-4ae9-9888-a7ee1be1581e	\N	{}
99920b34-1611-40fb-932d-a81489649618	item-photos	public/gallery_1780466551184_1.jpg	\N	2026-06-03 06:02:31.178888+00	2026-06-03 06:02:31.178888+00	2026-06-03 06:02:31.178888+00	{"eTag": "\\"f923d38048037f451bf5bc83953c8250\\"", "size": 207414, "mimetype": "image/jpeg", "cacheControl": "max-age=3600", "lastModified": "2026-06-03T06:02:32.000Z", "contentLength": 207414, "httpStatusCode": 200}	4814a20f-36d3-4ffc-ae25-b2f160539077	\N	{}
8e2d7c00-ca24-4fb0-8ddc-0f343e985424	item-photos	public/gallery_1780466552068_2.jpg	\N	2026-06-03 06:02:32.184335+00	2026-06-03 06:02:32.184335+00	2026-06-03 06:02:32.184335+00	{"eTag": "\\"69c7195d6c5bc2034e8487308dd88cef\\"", "size": 81813, "mimetype": "image/jpeg", "cacheControl": "max-age=3600", "lastModified": "2026-06-03T06:02:33.000Z", "contentLength": 81813, "httpStatusCode": 200}	51097a23-13b9-4792-ba80-7221eceb8f60	\N	{}
44452121-3e27-4c49-b8bb-64bcd68da05a	item-photos	public/gallery_1780466553063_3.jpg	\N	2026-06-03 06:02:32.616922+00	2026-06-03 06:02:32.616922+00	2026-06-03 06:02:32.616922+00	{"eTag": "\\"b227df3e6e87ff04734262a5516c598f\\"", "size": 54087, "mimetype": "image/jpeg", "cacheControl": "max-age=3600", "lastModified": "2026-06-03T06:02:33.000Z", "contentLength": 54087, "httpStatusCode": 200}	dc85de42-157d-46ef-8b93-6035bc7c399b	\N	{}
fca0a993-e878-4787-8765-2f0fa03cd914	item-photos	public/gallery_1780466553514_4.jpg	\N	2026-06-03 06:02:33.307974+00	2026-06-03 06:02:33.307974+00	2026-06-03 06:02:33.307974+00	{"eTag": "\\"dc01bc58b5966ca80d4bbff51b447dc5\\"", "size": 194621, "mimetype": "image/jpeg", "cacheControl": "max-age=3600", "lastModified": "2026-06-03T06:02:34.000Z", "contentLength": 194621, "httpStatusCode": 200}	8e1ffce9-a6c5-44c7-8696-e6a4baceecdb	\N	{}
06640b03-e5aa-4c6f-b68a-b37499abcc6e	item-photos	public/gallery_1780466554202_5.jpg	\N	2026-06-03 06:02:34.200175+00	2026-06-03 06:02:34.200175+00	2026-06-03 06:02:34.200175+00	{"eTag": "\\"ac6d64b7ad17020786bd2b868a7eee7a\\"", "size": 171128, "mimetype": "image/jpeg", "cacheControl": "max-age=3600", "lastModified": "2026-06-03T06:02:35.000Z", "contentLength": 171128, "httpStatusCode": 200}	b457046e-6dcf-446d-bafb-1e1c54f32f01	\N	{}
07bc886d-7587-47f5-99c8-f987f77fc6e9	item-photos	public/gallery_1780466555093_6.jpg	\N	2026-06-03 06:02:34.865827+00	2026-06-03 06:02:34.865827+00	2026-06-03 06:02:34.865827+00	{"eTag": "\\"50d5f3545b8846cf45dee4c40b588bcd\\"", "size": 152146, "mimetype": "image/jpeg", "cacheControl": "max-age=3600", "lastModified": "2026-06-03T06:02:35.000Z", "contentLength": 152146, "httpStatusCode": 200}	2ef5984e-6fbb-4640-aea1-3b5766f4a963	\N	{}
3d9fdb17-6189-49f2-b2c3-388c215e82b9	item-photos	public/gallery_1780466555745_7.jpg	\N	2026-06-03 06:02:35.559838+00	2026-06-03 06:02:35.559838+00	2026-06-03 06:02:35.559838+00	{"eTag": "\\"87f4bd2c347e99ef90b49f97b5514d6b\\"", "size": 172136, "mimetype": "image/png", "cacheControl": "max-age=3600", "lastModified": "2026-06-03T06:02:36.000Z", "contentLength": 172136, "httpStatusCode": 200}	824b7bb2-2ce1-40dd-b57c-cf9f7b580b2c	\N	{}
c77a9dd5-54c8-4f1f-bbb8-35efc2e50f5f	item-photos	public/thumbnail_64.webp	\N	2026-06-03 08:38:43.878512+00	2026-06-03 08:40:43.213833+00	2026-06-03 08:38:43.878512+00	{"eTag": "\\"d474334ca0c30e95cca85db9749c74a7\\"", "size": 6970, "mimetype": "image/webp", "cacheControl": "max-age=3600", "lastModified": "2026-06-03T08:40:44.000Z", "contentLength": 6970, "httpStatusCode": 200}	c1a78c4e-86a2-4111-bafb-194270dbf92b	\N	{}
\.


--
-- Data for Name: s3_multipart_uploads; Type: TABLE DATA; Schema: storage; Owner: supabase_storage_admin
--

COPY storage.s3_multipart_uploads (id, in_progress_size, upload_signature, bucket_id, key, version, owner_id, created_at, user_metadata, metadata) FROM stdin;
\.


--
-- Data for Name: s3_multipart_uploads_parts; Type: TABLE DATA; Schema: storage; Owner: supabase_storage_admin
--

COPY storage.s3_multipart_uploads_parts (id, upload_id, size, part_number, bucket_id, key, etag, owner_id, version, created_at) FROM stdin;
\.


--
-- Data for Name: vector_indexes; Type: TABLE DATA; Schema: storage; Owner: supabase_storage_admin
--

COPY storage.vector_indexes (id, name, bucket_id, data_type, dimension, distance_metric, metadata_configuration, created_at, updated_at) FROM stdin;
\.


--
-- Data for Name: secrets; Type: TABLE DATA; Schema: vault; Owner: supabase_admin
--

COPY vault.secrets (id, name, description, secret, key_id, nonce, created_at, updated_at) FROM stdin;
\.


--
-- Name: refresh_tokens_id_seq; Type: SEQUENCE SET; Schema: auth; Owner: supabase_auth_admin
--

SELECT pg_catalog.setval('auth.refresh_tokens_id_seq', 1, false);


--
-- Name: categories_id_seq; Type: SEQUENCE SET; Schema: public; Owner: postgres
--

SELECT pg_catalog.setval('public.categories_id_seq', 76, true);


--
-- Name: incoming_transactions_id_seq; Type: SEQUENCE SET; Schema: public; Owner: postgres
--

SELECT pg_catalog.setval('public.incoming_transactions_id_seq', 63, true);


--
-- Name: items_id_seq; Type: SEQUENCE SET; Schema: public; Owner: postgres
--

SELECT pg_catalog.setval('public.items_id_seq', 65, true);


--
-- Name: outgoing_transactions_id_seq; Type: SEQUENCE SET; Schema: public; Owner: postgres
--

SELECT pg_catalog.setval('public.outgoing_transactions_id_seq', 9, true);


--
-- Name: suppliers_id_seq; Type: SEQUENCE SET; Schema: public; Owner: postgres
--

SELECT pg_catalog.setval('public.suppliers_id_seq', 135, true);


--
-- Name: users_id_seq; Type: SEQUENCE SET; Schema: public; Owner: postgres
--

SELECT pg_catalog.setval('public.users_id_seq', 1, true);


--
-- Name: subscription_id_seq; Type: SEQUENCE SET; Schema: realtime; Owner: supabase_admin
--

SELECT pg_catalog.setval('realtime.subscription_id_seq', 1, false);


--
-- PostgreSQL database dump complete
--

\unrestrict vDgpsniojePGAMz6AMmDgUOTmpzvnWZdOsg8MdkPtKjcULr8oYQUFHnqKV6dsd9

